Latitude,Longitude,Year,pH,EC,CO3,HCO3,Cl,SO4,NO3,TH,Ca,Mg,Na,K,F,U(ppb),TDS
13.0192,80.2679,2021,7.71,973,0,244,135,134,5,370,44,63,59,18,0.82,0.59,583.8
13.0395,80.2584,2021,7.46,629,0,165,110,16,2,170,50,11,58,5,0.84,2.06,377.4
13.0007,80.2669,2021,7.5,660,0,183,114,45,3,240,60,22,38,17,0.3,0.79,396
13.007,80.2409,2021,7.04,608,0,171,103,27,4,175,46,15,57,5,0.92,1.71,364.8
13.043,80.2056,2021,7.69,856,0,207,121,135,6,310,52,44,59,12,0.82,1.29,513.6
13.0891,80.1977,2021,7.19,636,0,165,121,22,4,155,30,19,70,5,0.89,3.25,381.6
13.1294,80.2914,2021,7.6,2130,0,445,447,49,20,350,72,41,265,76,0.27,0.26,1278
13.087,80.2681,2021,7.9,3460,0,689,639,263,1,440,64,68,588,26,1.03,3.4,2076
11.5625,79.5917,2021,7.84,1049,0,268,128,85,23,330,82,30,79,4,1.16,6.35,629.4
11.3619,79.4669,2021,7.1,1069,0,268,135,75,20,340,92,27,65,27,1.15,3.36,641.4
11.5394,79.5914,2021,7.89,1099,0,183,142,152,0,360,92,32,86,4,0.78,1.66,659.4
11.4667,79.55,2021,8.32,989,0,299,92,89,6,220,32,34,109,1,0.45,0.89,593.4
11.3058,79.5939,2021,8.08,2750,0,561,484,153,9,550,48,105,304,3,0.8,8.37,1650
11.9403,78.4017,2021,7.8,3150,0,451,503,335,66,780,184,78,231,62,0.4,7.19,1890
12.1172,78.1531,2021,7.8,1652,0,433,191,151,59,620,92,95,62,2,0.54,3.78,991.2
12.1353,78.06,2021,7,1366,0,415,170,74,46,570,112,70,29,3,0.72,1.46,819.6
12.1192,77.7811,2021,7.9,1300,0,476,128,116,3,300,36,51,180,1,0.79,1.04,780
12.2625,78.3003,2021,7.7,2600,0,378,503,181,11,660,156,66,218,1,0.8,3.36,1560
12.9867,78.6714,2021,7.6,1719,0,415,213,237,48,710,40,148,65,2,0.58,21.5,1031.4
12.1156,78.4025,2021,7.4,1721,0,378,291,26,62,500,68,80,156,1,0.96,0.98,1032.6
12.0975,78.1289,2021,7.4,354,0,67,50,41,3,130,28,15,14,1,0.18,0.32,212.4
12.1358,77.9906,2021,7.2,2950,0,317,468,248,55,960,164,134,131,1,0.69,7.61,1770
12.1425,78.2917,2021,7.5,2420,0,464,362,186,81,780,92,134,139,1,1.46,3.94,1452
12.1425,78.2917,2021,7.5,2420,0,464,362,186,81,780,92,134,139,1,1.46,3.94,1452
12.2147,78.0564,2021,7.5,1472,0,549,170,98,6,490,36,97,131,1,1.41,2.17,883.2
12.0275,77.8103,2021,7.8,1746,0,476,145,168,45,660,140,75,97,0,0.73,5.45,1047.6
12.0519,78.2792,2021,7.9,2330,0,512,305,189,62,770,72,143,161,2,1.45,4.88,1398
12.1036,78.5889,2021,7.7,3590,0,598,475,240,49,1120,268,109,176,2,1.34,13.6,2154
10.4822,78.1672,2021,7.87,1137,0,348,145,72,18,375,40,67,94,4,0.32,5.2,682.2
10.4667,77.6583,2021,8,2720,0,134,744,72,195,950,232,90,198,5,0.08,0.86,1632
10.3667,77.9708,2021,7.9,1890,0,567,195,144,70,480,74,72,212,11,1.14,1.76,1134
10.2583,77.925,2021,7.7,1250,0,317,174,74,57,325,88,26,133,8,0.6,4.27,750
10.6806,78.1156,2021,7.79,1745,0,397,230,130,101,395,114,27,214,9,0.25,4.71,1047
10.3514,77.9944,2021,7.5,360,0,134,28,43,2,100,28,7,40,6,0.42,1.06,216
10.7583,78.0333,2021,7.6,1280,0,323,170,110,20,310,62,38,143,16,0.62,6.13,768
10.6714,77.9922,2021,7.85,1363,0,378,209,48,24,495,126,44,83,8,0.32,2.04,817.8
10.475,77.5667,2021,7.86,4030,0,751,638,326,218,1000,144,156,465,22,0.52,1.74,2418
10.2347,77.4833,2021,7.46,146,0,37,25,10,1,40,10,4,14,0,0.07,0.01,87.6
10.7272,78.1392,2021,7.92,3230,0,561,603,202,175,815,186,85,380,22,0.83,5.44,1938
10.2256,77.5929,2021,7.87,2440,0,616,397,158,9,510,120,51,322,24,0.63,2.3,1464
10.4875,77.7542,2021,7.43,2530,0,592,468,43,99,750,144,95,235,5,0.44,1.82,1518
10.488,77.7577,2021,7.49,2650,0,488,425,192,192,1080,128,185,120,5,0.18,0.2,1590
10.4658,77.8056,2021,7.6,1667,0,482,181,53,122,555,112,67,115,6,1.45,1.49,1000.2
10.4333,77.5125,2021,8.14,307,0,85,39,24,5,95,30,5,25,6,0.41,0.02,184.2
10.2681,77.5417,2021,7.8,55,0,18,7,5,1,20,6,1,5,1,0.32,0.01,33
10.4619,77.7061,2021,7,1789,0,470,177,58,189,620,88,97,103,5,1.17,0.02,1073.4
10.4167,77.8611,2021,7.7,1342,0,464,131,47,70,380,68,51,129,6,0.23,2.06,805.2
10.4167,77.8611,2021,7.8,1329,0,354,156,82,102,495,130,41,83,2,0.96,2.06,797.4
10.7416,78.1041,2021,7.6,2710,0,226,794,67,27,1130,120,202,115,8,0.88,16.73,1626
10.4383,78.0855,2021,7.86,1200,0,336,152,96,15,345,72,40,115,5,0.98,10.87,720
10.4597,78.0272,2021,8.2,1094,0,366,128,43,21,350,40,61,83,12,0.1,5.46,656.4
10.4053,78.0453,2021,7.81,4180,0,928,681,240,161,890,220,83,552,16,0.29,3,2508
10.59,77.5269,2021,7.8,2340,0,366,553,34,99,690,78,120,221,14,0.9,1.75,1404
10.5333,77.5208,2021,7.68,1291,0,549,78,43,50,425,20,91,92,12,0.53,0.22,774.6
10.4422,78.103,2021,7.23,2360,0,323,418,221,149,610,144,61,276,4,0.38,1.74,1416
10.3583,78.1,2021,7.76,2490,0,421,440,154,109,740,196,61,219,4,0.28,1.59,1494
10.5458,78.0719,2021,8,2270,0,281,362,206,231,660,100,100,216,12,0.23,13.18,1362
10.5306,77.9528,2021,7.77,4160,0,488,1028,202,5,1060,68,216,460,13,0.71,4.74,2496
12.4064,79.8133,2021,7.81,1020,0,384,142,3,1,390,84,44,37,1,1.04,0.5,612
12.902,80.2494,2021,7.48,853,0,256,121,46,57,310,52,44,54,17,0.12,2.49,511.8
12.5689,79.7233,2021,7.1,1150,0,299,145,60,70,380,100,32,64,1,0.52,1.59,690
12.4064,79.8133,2021,7.2,1422,0,323,248,50,40,450,64,70,99,1,1.15,3,853.2
12.8633,80.2261,2021,7.45,764,0,92,114,108,34,190,20,34,69,40,0.37,0.18,458.4
12.9403,80.1378,2021,7.42,497,0,134,60,16,50,165,24,26,36,1,0.17,0.28,298.2
12.95,80.1338,2021,7.09,1761,0,525,312,29,7,530,76,83,169,4,0.91,1.04,1056.6
12.2586,79.9028,2021,7.11,485,0,226,28,2,21,160,32,19,36,0,0.4,0.47,291
12.8439,80.0622,2021,7.15,1360,0,275,220,10,99,420,120,29,96,30,0.69,0.73,816
12.8336,79.7025,2021,7.8,3930,0,1110,596,8,72,140,32,15,722,23,1.76,111,2358
12.9574,80.1785,2021,7.4,1616,0,336,305,78,39,460,120,39,153,4,0.55,0.78,969.6
12.8687,80.1101,2021,7.38,1824,0,397,312,73,98,480,116,46,199,2,0.64,1.69,1094.4
12.3506,79.9014,2021,7.64,962,0,268,163,6,19,250,44,34,104,2,0.9,0.47,577.2
12.9008,80.1615,2021,7.38,1960,0,445,369,44,26,490,104,56,214,3,0.78,2.52,1176
12.6158,80.1925,2021,7.55,443,0,128,57,54,3,190,24,32,17,6,0.59,0.15,265.8
12.919,80.0424,2021,7.54,2100,0,628,277,40,146,330,92,24,169,268,0.97,0.96,1260
12.8943,80.0645,2021,7.4,1710,0,403,291,52,65,430,140,19,182,21,0.37,0.29,1026
12.9814,80.156,2021,7.27,2090,0,397,391,106,40,510,132,44,217,2,0.89,6.92,1254
12.9173,80.0856,2021,7.32,2690,0,622,518,71,53,440,80,58,402,4,1.11,2.33,1614
12.8338,80.1667,2021,7.52,909,0,220,170,35,2,340,64,44,52,5,0.2,0,545.4
12.63,79.8336,2021,7.1,840,0,305,57,30,25,230,76,10,54,0,0.99,1.67,504
12.5269,80.1622,2021,7.82,1328,0,329,178,122,73,460,128,34,90,21,0.7,7.84,796.8
12.7564,79.8592,2021,7.2,640,0,189,71,35,37,160,28,22,78,4,0.33,0.5,384
12.6061,80.056,2021,7.7,458,0,98,85,34,8,180,24,29,23,8,0.51,0.56,274.8
12.7318,80.1891,2021,7.86,1639,0,415,213,160,48,280,24,54,255,9,1.25,1.66,983.4
12.86,80.2417,2021,7.47,409,0,73,64,59,13,140,20,22,25,8,0.53,0.22,245.4
12.8117,79.9425,2021,7.1,960,0,281,106,25,41,310,72,32,40,1,0.36,1.56,576
12.9036,79.9139,2021,7.1,3080,0,366,638,155,25,440,64,68,398,29,0.77,71.3,1848
12.9004,80.1711,2021,7.29,2680,0,604,504,88,21,780,164,90,239,20,0.52,0.26,1608
8.25,77.5167,2021,7.9,972,0,342,106,16,26,290,88,17,77,5,0.86,1,583.2
8.2583,77.4528,2021,7.8,1015,0,427,99,17,36,250,68,19,120,4,0.77,3.11,609
8.1917,77.2953,2021,7.8,250,0,24,50,6,13,80,8,15,12,5,0.3,0.47,150
8.2839,77.2719,2021,7.3,843,0,85,170,20,47,200,20,36,56,27,0.67,0,505.8
8.1778,77.2625,2021,7.1,169,0,37,21,13,8,70,12,10,4,2,0.15,0,101.4
8.3522,77.2858,2021,7,695,0,122,78,21,69,120,32,10,60,26,0.32,0,417
8.2222,77.2583,2021,7.6,729,0,67,156,56,12,120,20,17,86,3,0.44,0.08,437.4
8.225,77.3583,2021,7.3,667,0,67,92,59,24,160,36,17,38,12,0.22,0,400.2
8.1031,77.5439,2021,7.6,1386,0,250,227,141,24,260,44,36,168,2,1.53,0,831.6
8.1031,77.5439,2021,7.6,1386,0,250,227,141,24,260,44,36,168,2,1.53,0,831.6
8.3097,77.2142,2021,7.5,506,0,61,92,109,31,140,16,24,26,120,0.22,0,303.6
12.5717,77.8975,2021,7.26,292,0,118,21,18,0,100,25,9,14,3,0.33,0.57,175.2
12.545,78.3483,2021,7.61,2570,0,586,370,360,34,660,120,88,278,17,1.8,46.06,1542
12.6027,78.1853,2021,8.26,831,0,427,53,69,2,235,30,39,99,15,1.66,54.2,498.6
12.7278,77.8278,2021,8.07,1114,0,378,149,72,38,365,54,56,96,11,0.89,19.76,668.4
12.4197,78.2186,2021,7.86,1979,0,464,292,160,127,400,104,34,210,124,0.16,3.24,1187.4
12.3328,78.3503,2021,7.57,735,0,329,71,37,5,220,52,22,92,1,0.39,0.54,441
12.4721,78.2154,2021,7.93,1647,0,415,277,100,69,410,80,51,213,13,0.8,17.01,988.2
12.3825,78.4133,2021,7.78,2940,0,610,441,140,251,740,132,100,275,10,0.86,6.99,1764
12.6047,78.2494,2021,7.22,1459,0,375,235,156,0,390,58,60,153,4,1.06,72.77,875.4
12.5639,77.9128,2021,7.36,722,0,336,71,23,3,235,54,24,70,5,0.52,0.55,433.2
12.3013,78.2795,2021,7.25,2930,0,305,683,100,39,660,172,56,256,6,0.47,5.54,1758
12.6636,78.0122,2021,7.76,2630,0,476,384,163,291,710,184,61,342,4,0.6,1.19,1578
12.3408,78.2458,2021,7.39,2680,0,403,498,94,128,620,112,83,245,5,1.53,4.25,1608
12.5933,77.8681,2021,7.57,528,0,262,28,28,18,175,52,11,50,4,1,9.83,316.8
11.6467,77.8236,2021,7.8,1001,0,439,50,59,18,380,48,63,30,14,1.54,10,600.6
11.6472,77.8233,2021,7.5,1159,0,195,128,139,35,360,48,58,84,3,1.04,8,695.4
11.6472,77.8233,2021,7.6,845,0,189,28,152,6,310,52,44,37,1,1.48,15,507
11.6436,77.825,2021,7.8,2700,0,573,248,522,62,810,92,141,220,57,1.46,24,1620
11.4972,78.6458,2021,7.8,1198,0,378,142,141,5,510,44,97,41,3,0.58,1.65,718.8
11.7003,77.8753,2021,7.2,2460,0,732,291,204,30,610,32,129,238,43,1.47,35,1476
11.5706,77.8989,2021,7.8,1050,0,214,78,125,33,360,56,53,40,6,1.54,7.5,630
11.5706,77.8992,2021,7.9,2470,0,659,340,201,40,560,32,117,268,17,1.4,2.56,1482
11.5706,77.7922,2021,7.9,1621,0,500,106,158,25,290,44,44,221,2,1.15,25.5,972.6
11.7578,77.8933,2021,7.7,427,0,171,50,19,3,150,24,22,31,24,0.51,0.92,256.2
11.5925,78.1092,2021,7.7,3250,0,512,603,112,60,540,48,102,349,5,0.77,2.02,1950
11.6264,78.7833,2021,7.6,3660,0,317,510,626,72,1160,104,219,172,18,0.57,11.35,2196
11.6703,78.1564,2021,7.7,1328,0,451,113,82,50,510,72,80,76,1,0.62,1.76,796.8
11.4381,78.5242,2021,7.4,1060,0,433,85,82,22,430,60,68,26,35,0.3,0.57,636
11.5653,78.0886,2021,7.5,6710,0,427,1340,402,71,1130,124,199,618,21,0.97,12.6,4026
11.8342,78.0839,2021,7.8,2970,0,677,347,283,68,610,48,119,312,1,1.39,1.8,1782
11.6572,78.3953,2021,7.7,1329,0,366,163,91,76,480,84,66,77,5,0.29,1.84,797.4
11.5736,78.0728,2021,7.5,673,0,146,89,28,9,220,44,27,24,1,0.21,0.4,403.8
11.5147,78.0917,2021,7.8,1208,0,476,110,86,38,360,52,56,110,4,0.69,0.21,724.8
11.7742,78.2094,2021,6.9,263,0,12,170,8,22,210,16,41,18,6,0.11,0.21,157.8
9.9958,77.6292,2021,7.9,677,0,183,74,38,50,235,30,39,46,3,1.02,2.87,406.2
9.9036,77.6233,2021,7.73,1250,0,244,170,144,56,475,42,90,69,6,1.82,1.48,750
10.1528,77.6583,2021,7.83,1450,0,641,110,34,9,410,94,43,143,4,0.59,2.69,870
9.925,77.5417,2021,7.8,570,0,73,85,48,59,200,44,22,39,4,0.37,0.08,342
9.9183,77.5217,2021,7.4,2830,0,409,656,48,184,840,84,153,276,9,1.41,7.61,1698
9.9917,77.4361,2021,7.93,1566,0,513,138,91,112,325,70,36,212,8,0.64,1.16,939.6
10.0989,77.5717,2021,7.52,1233,0,415,135,38,50,355,72,43,117,6,0.84,7.21,739.8
9.9625,77.5694,2021,7.58,2630,0,366,532,154,174,1040,212,124,138,3,0.99,10.76,1578
10.1208,77.55,2021,8,250,0,67,18,38,1,50,4,10,35,1,0.36,0.4,150
9.9392,77.3017,2021,7.8,545,0,244,18,29,31,200,50,18,35,5,0.98,0.66,327
10.0278,77.475,2021,7.6,150,0,43,18,19,1,40,8,5,16,0,0.29,0.02,90
9.8083,77.3333,2021,7.91,160,0,43,11,19,13,40,10,4,16,4,0.1,0.32,96
9.7358,77.5203,2021,7.75,540,0,244,28,34,5,200,48,19,32,3,0.71,1.14,324
9.9625,77.45,2021,7.87,890,0,397,28,48,29,310,64,36,60,4,0.72,0.72,534
12.8572,78.6575,2021,7.2,1530,0,634,135,35,20,300,24,58,186,2,1.76,7.02,918
12.7125,79.2231,2021,7.51,1447,0,268,184,170,22,340,52,51,124,4,0.8,15.48,868.2
12.5397,79.1522,2021,7.1,925,0,256,78,25,37,260,44,36,42,3,0.56,8.13,555
12.4658,79.3497,2021,7.3,1843,0,451,241,92,28,500,64,83,112,7,0.57,2.85,1105.8
12.4361,79.4181,2021,7.8,692,0,268,35,5,14,240,52,27,20,4,0.37,0,415.2
12.1267,79.0856,2021,7.43,1736,0,165,323,271,56,440,108,41,180,6,1.01,4.17,1041.6
12.7236,79.1256,2021,7.3,2580,0,488,404,186,111,650,132,78,245,5,0.88,6.78,1548
12.425,79.1467,2021,7.4,1485,0,165,284,119,53,450,108,44,106,3,0.47,4.8,891
12.2072,78.7036,2021,7.8,1192,0,195,135,118,86,560,148,46,8,2,0.28,2.8,715.2
12.7828,79.2558,2021,7.5,1073,0,207,103,121,39,280,68,27,73,3,0.55,2.95,643.8
12.7078,79.5611,2021,7.08,5580,0,207,1418,304,74,960,184,122,737,19,1.63,1.77,3348
12.7078,79.5611,2021,7.08,5580,0,207,1418,304,74,960,184,122,737,19,1.63,1.77,3348
12.2692,78.9436,2021,7.3,2320,0,329,340,144,185,620,92,95,154,13,0.6,3.72,1392
12.4886,79.1244,2021,7.2,1309,0,415,121,40,19,350,64,46,74,7,0.36,1.78,785.4
12.3592,79.6022,2021,7.7,1366,0,549,142,136,43,640,40,131,88,2,0.81,3.33,819.6
12.1556,78.9433,2021,7.3,1384,0,244,177,41,42,420,116,32,25,7,0.37,2.49,830.4
12.1086,79.8356,2021,7.4,2260,0,488,340,40,26,610,124,73,110,48,0.35,1.45,1356
8.7625,77.6403,2021,7.47,1626,0,305,340,16,13,490,96,61,120,47,0.66,1.32,975.6
8.7917,77.4333,2021,7.59,1444,0,549,142,36,48,410,84,49,109,55,0.6,1.08,866.4
8.7194,77.4361,2021,7,749,0,378,64,18,41,200,40,24,97,31,0.45,0.72,449.4
8.7194,77.4361,2021,7.6,402,0,159,21,40,22,150,40,12,24,3,0.37,0,241.2
8.1667,77.6167,2021,7.2,4850,0,220,1014,282,74,1230,284,126,422,19,1.58,9.78,2910
9.1667,77.4,2021,7.74,2680,0,805,369,132,68,750,172,78,286,62,0.46,5.81,1608
8.5333,77.4653,2021,7.54,951,0,366,106,22,31,350,80,36,53,7,0.34,0,570.6
8.6708,77.4456,2021,7.5,296,0,67,43,5,11,100,16,15,14,3,0.55,BDL,177.6
9.0667,77.3458,2021,7.16,3220,0,390,723,91,86,1130,272,109,132,28,0.49,4.47,1932
9.0667,77.3458,2021,7.4,3520,0,427,603,307,80,660,116,90,356,30,1.41,3.47,2112
8.4972,77.5986,2021,7.5,1028,0,189,142,93,42,380,84,41,44,8,1.21,5.38,616.8
8.5125,77.5417,2021,7.72,418,0,244,50,6,11,210,20,39,10,34,0.15,0,250.8
8.8625,77.6528,2021,7.56,1760,0,378,298,43,16,420,64,63,177,6,1.31,1.96,1056
8.5711,77.7011,2021,7.4,488,0,281,21,6,7,240,44,32,20,1,0.98,1.34,292.8
8.3167,77.5792,2021,7.6,1306,0,299,163,115,54,430,120,32,76,3,0.66,1.98,783.6
8.7347,77.5208,2021,7.8,3020,0,732,397,230,63,390,44,68,475,7,1.5,4.67,1812
9.4986,77.7,2021,7.48,2450,0,549,355,52,46,560,104,73,157,50,0.62,2.4,1470
8.3086,77.8603,2021,7.2,335,0,146,14,9,7,155,32,18,5,3,1.15,BDL,201
8.5333,77.7917,2021,7.5,1191,0,287,142,116,44,280,68,27,113,10,0.79,2.17,714.6
9.1183,77.6125,2021,7.64,1233,0,256,156,28,81,380,72,49,52,8,0.12,1.92,739.8
8.7333,77.7333,2021,7.5,245,0,85,14,28,16,110,16,17,5,7,0.1,0.13,147
9.0167,77.2528,2021,7.6,1261,0,342,121,138,43,360,40,63,125,39,0.91,1.37,756.6
8.7111,77.3681,2021,7.4,575,0,226,78,2,38,170,40,17,45,46,0.54,0,345
8.9256,77.3542,2021,7.67,1630,0,488,199,10,28,470,84,63,72,51,0.54,0.62,978
9.3403,77.4278,2021,7.55,2340,0,573,220,126,167,300,52,41,200,187,1.26,1.16,1404
8.8692,77.5292,2021,7.4,4260,0,281,978,315,119,1310,164,219,304,24,0.91,12.5,2556
8.7458,77.7,2021,7.6,5700,0,805,1227,240,92,1720,344,209,449,24,1.75,18.42,3420
9.0317,77.2717,2021,7.8,801,0,250,57,130,41,290,68,29,56,1,0.95,0.21,480.6
8.3331,77.6239,2021,7.4,3200,0,329,645,287,41,700,124,95,319,13,1.34,3.24,1920
8.8769,77.3458,2021,7.83,647,0,311,21,4,26,270,76,19,4,5,1.64,0,388.2
8.2542,77.7583,2021,7.3,3580,0,281,723,200,21,910,148,131,269,12,1.02,11.19,2148
8.2325,77.7206,2021,7.8,2360,0,305,503,147,13,610,116,78,204,10,1.54,2.41,1416
8.3556,77.6583,2021,7.92,933,0,232,106,36,56,260,40,39,68,27,0.46,1.43,559.8
8.3861,77.6167,2021,7.3,2760,0,256,319,462,53,600,144,58,261,13,0.58,6.03,1656
8.6611,77.625,2021,7.43,2950,0,329,362,312,122,790,120,119,223,13,0.9,4.89,1770
9.0919,77.4447,2021,7.5,2280,0,317,404,191,111,630,88,100,179,2,0.68,4.18,1368
13.0778,80.0259,2021,7.55,449,0,110,92,14,3,150,44,10,32,3,0.69,0.17,269.4
13.1104,80.1211,2021,7.21,1956,0,635,284,20,55,600,100,85,139,42,0.7,7.91,1173.6
13.3288,80.0766,2021,7.31,1170,0,433,142,27,8,210,28,34,161,3,0.83,9.92,702
13.2608,80.2861,2021,7.24,3450,0,348,859,198,3,900,216,88,361,14,0.46,3.6,2070
13.2276,80.3255,2021,7.6,1354,0,67,426,9,1,120,36,7,245,7,0.11,0.5,812.4
13.4156,80.13,2021,7.62,1409,0,238,199,182,39,440,56,73,96,34,0.71,1.64,845.4
13.1449,80.1042,2021,7.36,894,0,122,195,22,45,230,64,17,84,9,0.44,0.21,536.4
13.0957,79.9916,2021,7.16,3020,0,336,696,204,11,1000,248,92,224,8,1.31,0.7,1812
13.2705,80.2631,2021,7.23,3120,0,262,880,51,5,960,248,83,270,1,0.57,1.12,1872
13.2714,80.278,2021,7.4,3760,0,397,973,121,6,1100,248,117,357,10,0.26,1.16,2256
13.3169,79.9625,2021,7.21,1039,0,342,124,24,51,210,40,27,120,34,0.75,6.11,623.4
13.1197,80.0704,2021,7.63,1701,0,238,241,305,28,410,72,56,197,10,1.1,3.31,1020.6
13.3225,80.1837,2021,7.59,810,0,262,135,12,11,240,52,27,80,1,0.88,2.84,486
13.2311,80.1691,2021,7.12,1338,0,476,178,24,4,225,28,38,200,1,1.21,8.37,802.8
13.0588,80.0524,2021,7.45,972,0,329,142,14,6,280,52,36,96,4,1.14,0.43,583.2
13.1313,79.7794,2021,7.67,1371,0,445,178,39,75,370,88,36,154,4,0.96,3.86,822.6
13.1357,79.909,2021,7.31,2410,0,488,476,103,2,630,100,92,260,2,1.2,5.2,1446
13.067,80.1366,2021,7.1,1741,0,415,263,127,21,480,132,36,163,7,0.79,2.82,1044.6
8.7344,77.9194,2021,7.5,1387,0,232,184,80,137,450,100,49,60,11,0.66,1.17,832.2
9.2178,77.9833,2021,7.3,4350,0,244,581,670,114,1060,248,107,315,172,1.1,15.7,2610
11.9,79.05,2021,7,340,0,98,21,11,28,100,20,12,15,2,0.37,1.2,204
9.1444,77.7056,2021,7.6,773,0,195,78,30,42,190,52,15,78,1,0.44,1.06,463.8
9.1486,77.7167,2021,7.8,1158,0,439,99,118,32,340,72,39,112,30,0.28,3.5,694.8
9.15,78.1667,2021,7.8,1828,0,537,213,131,25,270,36,44,310,8,1.55,3.96,1096.8
8.9444,77.775,2021,7.3,1550,0,366,227,131,28,405,36,77,140,12,1.16,1.4,930
8.9306,78.0917,2021,7.1,8440,0,921,1468,531,116,2180,604,163,752,17,1.19,125,5064
8.8333,77.8958,2021,7,835,0,342,43,35,15,230,48,27,56,57,0.4,0.78,501
9.2333,78.1306,2021,7.5,1181,0,238,170,59,50,240,80,10,124,26,0.7,1.98,708.6
8.65,77.95,2021,7.5,3820,0,268,837,113,117,1190,192,173,163,52,0.54,12.2,2292
9.3128,78.1361,2021,8.2,2720,0,1025,85,188,136,100,16,15,534,13,1.74,31,1632
8.4958,77.8333,2021,7.5,800,0,244,64,39,26,255,64,23,32,12,0.3,2.48,480
8.6083,77.85,2021,7.4,2350,0,232,418,113,143,750,168,80,91,16,0.4,11.58,1410
8.4958,78.1208,2021,7.8,1435,0,354,241,12,23,320,68,36,155,21,0.23,1.92,861
9.325,78.0792,2021,7.8,1600,0,336,184,64,93,640,148,66,30,17,0.4,7.1,960
9.0583,77.85,2021,7.4,7520,0,329,794,2160,52,3105,376,526,420,38,1.52,9,4512
12.6244,78.7528,2021,8.29,2340,0,385,290,10,53,530,72,85,72,21,0.8,2.15,1404
12.7542,78.6975,2021,8.03,2070,0,278,510,45,46,485,92,62,241,32,1.42,3.94,1242
12.9433,79.2869,2021,7.87,3255,0,439,696,56,16,680,168,63,350,2,0.65,19.6,1953
12.635,78.6039,2021,8.48,1192,30,370,285,40,9,630,92,97,29,19,0.51,1.49,715.2
12.7653,78.8386,2021,8.44,1187,24,305,216,24,19,400,120,24,83,8,0.15,5.75,712.2
12.9094,79.3617,2021,7.93,1865,0,323,362,96,45,660,78,113,115,5,0.82,7,1119
12.5458,78.5761,2021,8.51,2340,18,360,290,10,53,530,72,85,72,21,0.8,3.67,1404
12.9597,79.1125,2021,8.11,2448,0,360,280,557,40,350,40,61,428,8,0.4,3.6,1468.8
12.4797,78.4514,2021,7.3,3170,0,366,560,288,82,730,124,102,368,1,1.53,11.1,1902
12.9897,79.6178,2021,7.29,3060,0,303,710,108,42,790,192,75,233,5,1.56,6,1836
12.8747,78.7597,2021,8.37,776,30,293,71,44,20,250,40,36,51,23,0.66,11.19,465.6
12.975,79.1208,2021,8.15,1352,0,427,220,7,19,500,34,101,78,8,0.22,12.6,811.2
12.5775,78.8119,2021,8.47,1123,30,366,145,34,6,135,32,13,189,10,1.12,1.65,673.8
12.8525,79.1097,2021,7.4,4480,0,561,737,435,68,930,84,175,548,1,1.41,16,2688
12.7725,78.8789,2021,8.21,1715,0,622,225,43,19,415,64,62,184,5,0.82,3.98,1029
12.9014,78.9456,2021,8.41,934,24,232,154,28,30,310,72,32,71,12,0.62,2.25,560.4
12.9042,78.9417,2021,8.25,1612,0,586,263,43,23,490,88,66,170,3,0.33,6.8,967.2
12.9431,78.7233,2021,8.19,2880,0,495,517,96,42,630,92,97,294,17,1.74,5.46,1728
12.3792,78.8472,2021,7.99,3210,0,403,657,250,105,1210,188,180,186,5,1.78,31,1926
12.7189,78.6619,2021,8.01,5650,0,488,1602,130,74,1300,128,238,718,7,0.41,16,3390
12.9578,78.9103,2021,8.18,914,0,210,192,18,55,255,80,13,85,16,0.7,21.3,548.4
12.8622,78.8347,2021,8.45,740,18,158,149,12,24,230,52,24,62,4,1.01,0.59,444
12.9569,78.9956,2021,7.86,2825,0,495,517,96,42,630,92,97,294,17,0.53,16,1695
12.1042,79.7417,2021,8.15,818,0,329,89,35,7,325,66,39,46,2,0,0.44,490.8
12.0917,79.9,2021,7.86,1878,0,207,341,274,2,220,28,36,317,26,0.19,0.21,1126.8
12.2083,79.9583,2021,6.19,643,0,250,57,23,0,200,72,5,46,8,0,0.4,385.8
9.44,77.5369,2021,7.5,2860,0,329,709,120,36,820,128,122,329,23,0.8,4.47,1716
9.3833,77.4656,2021,7.6,2320,0,598,255,101,168,580,56,107,204,57,0.92,2.85,1392
9.6042,77.7486,2021,8.1,1026,0,598,28,119,10,250,40,36,172,2,1.15,4.66,615.6
9.5667,78.075,2021,7.7,2450,0,378,560,245,80,990,156,146,252,7,0.51,6.38,1470
9.5542,78.0083,2021,7.4,1000,0,415,78,80,25,330,76,34,70,19,0.34,0.8,600
9.4914,77.9336,2021,8.2,1185,0,390,57,113,10,260,64,24,112,3,1.8,8.63,711
9.5583,77.9583,2021,7.7,940,0,281,128,112,54,390,72,51,103,12,0.67,1.35,564
9.5111,78.1972,2021,7.9,2090,0,781,177,63,34,370,68,49,240,28,1.88,3.58,1254
9.5108,77.755,2021,7.7,2620,0,464,291,333,34,600,76,100,250,5,1.76,11.54,1572
9.4169,77.7506,2021,7.6,643,0,256,43,18,36,300,48,44,17,6,0.72,0.56,385.8
9.5833,77.9542,2021,7.4,4710,0,561,737,321,42,720,84,124,580,5,1.41,7.81,2826
10.0786,78.1742,2021,7.84,950,0,329,96,54,23,375,64,52,40,6.8,1.01,2.32,570
9.7969,78.0933,2021,7.84,1796,0,390,284,20,174,680,136,83,93,3.4,0.85,1.82,1077.6
9.8042,78.0917,2021,7.63,1009,0,207,164,27,84,360,68,46,51,0.72,0.13,0.45,605.4
9.8364,78.0567,2021,7.77,625,0,207,68,32,0.18,160,28,22,60,3.6,0.4,0.54,375
9.8239,77.9883,2021,7.28,5960,0,451,1337,295,350,1720,128,340,511,3.1,1.35,16.7,3576
9.7867,78.0022,2021,8.19,1653,0,854,85,37,39,170,20,29,350,0.43,2,12.74,991.8
9.6417,77.9744,2021,7.57,2810,0,659,370,102,99,500,80,73,320,46,0.7,4,1686
9.8244,77.7989,2021,7.49,190,0,61,14,15,0.96,56,14,4.9,9.6,0.33,0.33,0,114
9.7628,77.7392,2021,7.58,2310,0,610,356,102,72,560,56,102,282,7.1,0.78,0.86,1386
9.8325,77.7167,2021,7.75,1283,0,305,213,33,53,380,68,51,113,1.1,2.38,0.51,769.8
9.9366,77.7837,2021,7.65,1685,0,378,256,120,36,570,56,105,155,2.2,0.86,4.69,1011
9.8739,77.8678,2021,7.99,658,0,366,25,5,6.1,270,40,41,29,3.7,0.42,0.58,394.8
9.9083,78.1528,2021,7.77,1677,0,634,156,138,19,320,40,54,251,16,1.46,3.06,1006.2
9.8967,78.2553,2021,7.38,2520,0,293,512,135,54,740,112,112,174,7.1,1,1.48,1512
9.9125,78.2569,2021,7.49,1637,0,293,327,70,30,510,64,85,153,5.4,1.2,2.24,982.2
9.9086,78.1858,2021,7.97,649,0,268,43,26,24,190,36,24,58,2,0.85,0.14,389.4
9.9347,78.1689,2021,7.2,95,0,24,5.7,3.5,0.91,24,6.4,1.9,1.5,0.22,0,0,57
9.9511,78.2072,2021,7.5,2880,0,378,583,175,62,520,80,78,341,53,0.79,7.38,1728
9.9772,78.1958,2021,7.64,604,0,226,50,31,17,195,34,27,42,2,0.86,1.62,362.4
13.0735,80.2263,2021,7.17,1538,0,336,259,66,31,255,64,23,205,26,0.76,1.06,922.8
12.9433,80.2544,2021,7.57,1504,0,336,263,56,75,380,64,54,150,48,0.27,6.34,902.4
13.0605,80.2824,2021,7.47,2300,0,329,511,73,65,650,112,90,203,26,0.19,0.27,1380
13.0748,80.2626,2021,7.58,1410,0,409,241,51,3,280,108,2,206,21,0.48,2.27,846
12.9828,80.2639,2021,7.45,1586,0,177,433,44,10,270,72,22,235,17,0.27,2.03,951.6
12.9264,80.2556,2021,7.42,527,0,159,78,47,17,230,76,10,22,8,0.28,1.99,316.2
12.9879,80.2643,2021,7.62,1432,0,268,355,37,2,330,60,44,185,9,0.23,5.84,859.2
12.9344,80.2569,2021,7.48,1090,0,250,213,51,7,250,64,22,128,18,0.35,2.71,654
12.92,80.2517,2021,7.55,1183,0,287,178,43,100,380,108,27,94,32,0.48,8.24,709.8
12.9789,80.2658,2021,7.37,1660,0,146,511,39,20,260,68,22,276,19,0.17,0.48,996
12.9786,80.2656,2021,6.8,2750,0,183,795,54,34,350,68,44,459,26,0.36,0.44,1650
12.9866,80.2499,2021,7.68,760,0,165,107,133,5,230,28,39,70,11,0.73,1.16,456
13.1054,80.2844,2021,7.53,976,0,299,156,42,30,300,96,15,84,22,0.15,2.84,585.6
12.9569,80.2606,2021,7.4,1594,0,299,341,66,42,420,88,49,186,18,0.41,6.79,956.4
11.5819,79.5533,2021,7.76,887,0,98,146,122,6,215,64,13,80,8,0.52,0,532.2
11.6067,79.635,2021,7.9,417,0,67,62,43,17,116,33,8,28,5,0.4,0,250.2
11.3833,79.6917,2021,8.1,9520,0,732,2404,438,7,980,28,221,1510,31,0.8,3.47,5712
11.3617,79.5083,2021,8.25,1111,0,268,149,72,0,320,76,32,69,16,0.15,0.14,666.6
11.6175,79.5539,2021,7.68,198,0,43,23,9,19,52,14,4,18,1,0.31,0,118.8
11.5222,79.5256,2021,7.99,1203,0,244,156,127,7,260,60,27,119,43,0.75,0.4,721.8
11.2872,79.5517,2021,8.2,763,0,183,132,33,23,275,62,29,44,6,0.16,0.15,457.8
11.4458,79.7639,2021,8.04,1706,0,342,312,129,1,420,84,51,171,53,0,0.48,1023.6
11.6011,79.7189,2021,7.44,1753,0,439,220,160,70,380,80,44,183,81,0.55,3.03,1051.8
11.6083,79.3167,2021,7.8,1631,0,537,206,109,3,480,56,80,193,7,2.18,3.24,978.6
11.5269,79.6517,2021,7.85,2620,0,378,299,430,19,500,108,56,291,17,0.98,1.45,1572
11.3108,79.6303,2021,8.29,1783,60,415,220,112,101,380,88,39,168,155,0.75,1.04,1069.8
11.6392,79.7472,2021,6.96,329,0,112,38,10,0,60,16,5,41,0,0.13,0.29,197.4
11.4133,79.5206,2021,8.1,3430,0,476,683,272,1,700,84,119,428,2,0.68,0,2058
11.4161,79.5722,2021,8.16,2660,0,464,313,492,0,760,104,122,248,4,0.36,0.13,1596
11.5085,79.7568,2021,7.94,1180,0,439,163,25,6,290,80,22,115,26,0.19,0.69,708
11.4894,79.7156,2021,8,604,0,159,53,107,0,220,66,13,47,2,0.55,0,362.4
11.5203,79.7197,2021,7.81,2350,0,366,398,240,8,580,108,75,221,10,0.68,1.31,1410
11.5186,79.3697,2021,7.74,652,0,134,96,72,5,205,58,15,36,18,0.39,0,391.2
11.5294,79.5311,2021,7.84,1043,0,122,128,168,51,255,74,17,98,37,0.66,0.07,625.8
11.6269,79.7194,2021,6.98,866,0,73,199,43,2,105,20,13,122,3,0.55,0.31,519.6
11.5692,79.6789,2021,7.82,812,0,274,100,45,5,180,42,18,98,7,0.61,1.8,487.2
11.5687,79.6769,2021,7.96,2980,0,573,569,144,11,450,64,70,420,8,0.87,8.8,1788
11.5892,79.5275,2021,7.8,157,0,43,20,12,6,46,10,5,15,1,0.75,0.13,94.2
11.6164,79.7414,2021,6.87,258,0,76,16,12,17,54,14,4,12,22,0.52,1.45,154.8
11.3207,79.5969,2021,8.1,1795,0,647,256,99,0,460,72,68,208,34,0.17,0.53,1077
11.5167,79.3375,2021,7.66,1002,0,220,135,148,21,300,74,28,102,4,0.84,0,601.2
12.2017,78.3544,2021,7,6950,0,268,1758,428,99,2490,572,258,255,0,0.36,24.1,4170
12.1128,78.4942,2021,7.3,2360,0,317,362,210,52,760,124,109,144,1,0.91,4.4,1416
12.0489,78.4767,2021,7.8,2370,0,439,362,206,38,780,64,151,112,1,1.7,5.17,1422
12.1942,78.295,2021,7.5,1208,0,268,128,102,98,540,100,70,23,1,0.6,2,724.8
12.1331,78.3197,2021,7.5,352,0,183,28,24,2,190,24,32,18,1,0.14,0.65,211.2
12.1361,77.9686,2021,7.6,1672,0,293,234,142,42,560,68,95,124,0,0.55,8.19,1003.2
11.9661,78.4139,2021,7.3,2990,0,476,532,306,65,830,104,139,249,15,0.42,7.3,1794
12.1431,78.2844,2021,7,1310,0,207,184,112,62,410,80,51,67,1,0.47,1.28,786
11.9111,78.3664,2021,7.1,2370,0,500,305,188,77,710,176,66,139,3,1.4,5.38,1422
12.1322,77.9006,2021,7.7,2330,0,439,298,128,60,780,172,85,121,2,0.24,4.25,1398
12.1081,78.4128,2021,7.4,350,0,159,35,24,4,180,28,27,18,1,0.14,0.57,210
11.9403,78.0594,2021,7.8,3520,0,427,638,312,74,1300,180,207,170,1,1.41,9.6,2112
10.5983,77.9756,2021,7.52,4050,0,323,1156,106,44,1240,144,214,368,9,0.49,4.18,2430
10.4072,78.0025,2021,7.98,1483,0,403,223,77,1,230,42,30,230,4,0.84,4.23,889.8
10.2377,77.7708,2021,7.7,1870,0,470,252,86,140,660,140,75,129,5,1.11,3.49,1122
10.3667,77.9708,2021,7.9,1876,0,531,206,144,73,410,80,51,242,4,1.1,0.14,1125.6
10.1669,77.6944,2021,7.8,600,0,256,28,34,10,245,44,33,20,6,0.66,0.13,360
10.3583,77.975,2021,7.64,2950,0,561,425,269,220,1020,140,163,230,1,0.57,3.17,1770
10.3377,78.9261,2021,7.71,1850,0,543,227,96,80,555,60,98,173,5,1.45,4.97,1110
9.8844,78.1889,2021,7.35,715,0,244,64,58,3,135,40,9,97,5,0.91,0.73,429
10.613,78.0505,2021,7.41,848,0,299,64,67,28,225,70,12,85,9,0.26,5.81,508.8
10.2814,78.0708,2021,7.4,1690,0,580,191,77,14,425,60,67,184,5,1.29,12.86,1014
11.2513,78.0369,2021,7.82,877,0,244,106,67,2,255,64,23,76,12,0.11,4.11,526.2
12.8898,80.143,2021,7.4,975,0,244,192,8,2,350,76,39,59,2,0.49,0.39,585
12.9827,80.1286,2021,6.9,1545,0,439,206,5,157,400,100,36,145,48,1.4,2.24,927
10.4633,77.79,2021,7,2010,0,336,347,70,30,450,92,53,160,5,0.29,19.46,1206
12.6744,79.9769,2021,7.9,742,0,104,191,3,32,190,56,12,89,8,0.94,0.45,445.2
12.2669,79.9844,2021,7,1354,0,159,305,50,45,460,120,39,72,0,0.41,2.3,812.4
13.0153,80.1366,2021,7,1696,0,451,277,70,1,450,112,41,163,11,1.13,5.89,1017.6
12.9431,80.1476,2021,7.2,1182,0,384,178,35,9,400,76,51,89,3,0.55,0.31,709.2
12.8083,80.0297,2021,7.7,823,0,238,113,6,38,310,56,41,37,3,0.59,0.22,493.8
12.998,80.0936,2021,7.2,1331,0,311,241,44,27,350,112,17,127,3,1.21,1.05,798.6
12.5028,79.8761,2021,7.38,1287,0,390,156,5,38,390,136,12,78,5,0.36,1.72,772.2
13.0342,80.1085,2021,7.1,1813,0,372,298,66,85,460,128,34,184,14,0.8,1.63,1087.8
12.9855,80.1784,2021,7.47,1034,0,275,156,64,27,340,80,34,87,1,0.63,1.72,620.4
12.8125,80.2433,2021,6.96,2180,0,116,540,186,6,380,60,56,304,15,0.32,0.24,1308
12.9576,80.1261,2021,7.12,1687,0,433,348,7,1,350,68,44,226,3,0.42,0.61,1012.2
13.0106,80.196,2021,7.3,912,0,262,146,35,16,230,64,17,93,15,0.93,0.39,547.2
12.8833,80.1106,2021,7.1,1216,0,305,160,90,35,370,72,46,82,0,0.63,0.51,729.6
12.8898,80.022,2021,7.33,1890,0,397,391,48,49,690,132,88,126,4,0.48,0.99,1134
12.9725,80.1543,2021,7.56,1165,0,293,213,47,16,420,108,36,72,1,0.82,1.38,699
12.9263,80.1979,2021,7.25,1750,0,372,369,49,22,580,176,34,133,3,0.25,1.78,1050
12.8506,79.9119,2021,7.3,579,0,110,82,30,10,70,12,10,72,0,0.5,0.07,347.4
12.8556,80.1693,2021,7.5,1056,0,250,163,31,62,350,60,49,86,3,0.54,0.2,633.6
13.0338,80.1569,2021,7.1,1356,0,421,213,21,2,370,88,36,123,2,1.21,1.09,813.6
12.9037,80.233,2021,7.51,3110,0,183,696,328,112,340,68,41,467,102,1.12,1.17,1866
13.0071,80.1976,2021,7,1910,0,488,320,78,59,540,144,44,184,1,1.32,3.16,1146
12.931,80.1166,2021,7.26,968,0,262,149,25,58,310,72,32,83,4,0.54,0.01,580.8
12.72,80.1852,2021,7.59,1457,0,348,220,144,5,360,56,54,158,7,0.84,2.11,874.2
12.9628,80.1132,2021,7.15,897,0,262,156,9,13,270,68,24,65,31,0.12,0.31,538.2
12.8267,79.8211,2021,7,2610,0,390,440,98,110,780,240,44,65,89,1.7,18,1566
12.6117,79.7344,2021,7.12,8020,0,732,2382,9,68,2780,576,326,457,0,1.04,0.06,4812
8.325,77.2583,2021,7.6,180,0,24,14,16,25,60,12,7,8,3,0.2,0,108
8.0833,77.55,2021,7.7,1303,0,232,138,112,75,300,96,15,130,25,0.37,4.6,781.8
8.3097,77.2142,2021,7.1,409,0,24,50,23,54,100,20,12,19,6,0.15,0,245.4
8.1667,77.45,2021,7.7,1662,0,342,220,85,72,400,116,27,172,24,0.57,7.37,997.2
9.1667,77.5625,2021,7.7,1150,0,433,92,52,68,230,44,29,145,10,1.36,3.05,690
8.0947,77.5444,2021,7,1640,0,171,347,152,104,320,52,46,227,5,0.6,0,984
8.245,77.2378,2021,7.4,1162,0,37,252,98,15,275,52,35,82,3,0.55,0,697.2
8.1283,77.3683,2021,7.3,864,0,73,195,89,9,210,32,32,88,3,0.53,0.14,518.4
8.2411,77.3192,2021,7.5,1286,0,153,213,84,62,230,40,32,117,47,0.59,0.63,771.6
8.3364,77.2717,2021,7.5,590,0,159,71,55,6,220,56,19,23,4,0.63,0,354
12.7522,77.9756,2021,8.01,1882,0,342,292,248,113,440,76,61,256,17,0.84,38.06,1129.2
12.4089,78.1658,2021,7.86,1024,0,439,78,83,1,150,16,27,198,4,2.86,1.74,614.4
12.5208,77.7917,2021,7.29,2520,0,415,398,375,60,640,148,66,316,6,1.07,8.26,1512
12.6138,78.0176,2021,7.71,615,0,244,75,36,1,180,36,22,66,5,0.77,2,369
12.5974,78.1331,2021,8.03,1536,0,451,213,211,12,510,52,92,137,15,2.12,135.22,921.6
12.4106,78.2075,2021,7.82,1272,0,427,192,48,9,300,64,34,152,3,0.99,1.89,763.2
12.3823,78.8982,2021,8.08,1279,0,622,107,122,0,200,24,34,239,10,1.26,1.5,767.4
12.4131,78.1708,2021,7.31,570,0,183,68,22,18,110,36,5,47,50,0.35,1.42,342
12.6156,77.7844,2021,7.51,1437,0,366,92,339,35,580,188,27,80,12,1.28,123.84,862.2
12.5344,78.3752,2021,7.71,597,0,293,36,36,0,140,30,16,69,9,0.85,7.4,358.2
12.2725,78.3083,2021,7.85,1072,0,342,164,54,8,180,28,27,184,2,2.36,2.71,643.2
12.4721,78.2154,2021,7.44,1748,0,329,370,108,37,360,84,36,229,1,1.5,7.7,1048.8
12.3917,78.2469,2021,7.88,3360,0,647,754,166,69,650,132,78,416,88,1.24,6.66,2016
12.5133,78.0361,2021,7.46,2480,0,708,341,134,219,560,148,46,266,114,0.26,4.71,1488
12.5828,77.6567,2021,7.55,518,0,201,68,16,0,120,40,5,77,2,2.76,6.72,310.8
12.6103,77.9395,2021,7.69,620,0,250,50,32,25,225,56,21,38,4,0.54,5.68,372
12.437,77.8505,2021,7.83,593,0,311,28,30,1,170,30,23,68,3,0.56,1.76,355.8
12.2642,78.5508,2021,7.67,1248,0,464,128,67,112,500,92,66,71,5,1,1.71,748.8
12.3475,78.555,2021,7.54,1924,0,329,299,241,91,590,124,68,165,6,1.1,5.08,1154.4
12.6998,78.1925,2021,7.51,1261,0,244,164,261,1,330,80,32,148,5,1.53,6.82,756.6
11.5247,78.0706,2021,7.8,999,0,354,121,127,23,410,52,68,67,0,0.83,0.8,599.4
11.5981,78.6025,2021,7.6,1347,0,311,174,88,53,450,40,85,61,2,0.45,4.57,808.2
11.6697,78.2389,2021,7.3,3330,0,439,489,266,86,940,64,190,175,2,0.66,7.57,1998
11.6481,77.825,2021,7.4,542,0,37,121,28,14,180,28,27,35,4,0.38,3.6,325.2
11.6094,76.1453,2021,7.9,2380,0,397,397,224,46,640,84,105,225,3,0.89,5.92,1428
11.4603,78.5908,2021,7.8,1637,0,488,206,132,80,570,32,119,115,0,1.13,2.61,982.2
11.5853,77.8414,2021,7.7,1638,0,610,128,151,10,490,40,95,195,2,1.74,3.44,982.8
11.5822,77.8611,2021,7.7,6000,0,756,1064,474,14,730,44,151,884,1,1.88,31,3600
11.5417,78.4917,2021,7.8,1672,0,329,255,133,57,600,56,112,90,5,0.62,2,1003.2
11.5436,78.1422,2021,7.9,2590,0,586,255,105,77,610,72,105,164,12,0.71,2.25,1554
11.5022,78.0564,2021,7.8,4170,0,622,709,228,64,1105,130,190,318,43,0.21,4.87,2502
11.8089,77.7889,2021,7.5,721,0,342,71,28,39,390,48,66,10,1,1.01,0,432.6
11.8075,77.8131,2021,7.5,479,0,305,43,63,6,260,40,39,59,1,1.41,2.13,287.4
11.6219,78.1061,2021,7.6,4270,0,854,709,233,22,640,48,126,663,3,1.11,6.39,2562
11.7422,78.0472,2021,7.9,3170,0,525,333,104,78,410,48,70,316,10,0.41,1.59,1902
12.5344,79.7558,2021,7.9,1528,0,464,142,90,52,140,28,17,150,153,0.42,0.8,916.8
11.6456,78.5144,2021,7.7,1947,0,336,376,92,47,680,76,119,76,5,0.24,5.75,1168.2
11.5628,78.1656,2021,7.8,3000,0,573,333,241,64,760,56,151,224,4,0.67,0,1800
11.6611,78.1664,2021,7.4,4000,0,854,780,164,19,910,64,182,436,9,1.41,4.73,2400
11.7472,77.9306,2021,7.6,457,0,134,50,32,3,130,20,19,34,0,0.14,1.23,274.2
11.6511,78.1097,2021,7.5,3030,0,769,397,160,75,630,48,124,317,18,1.27,0.81,1818
11.4358,78.5042,2021,7.8,1420,0,451,184,93,50,480,64,78,101,4,1.33,3.63,852
11.5858,78.7536,2021,7.7,844,0,305,110,32,2,280,24,53,53,4,0.5,1.26,506.4
11.5903,78.5558,2021,7.1,3290,0,256,709,189,84,930,160,129,188,4,0.53,7.12,1974
11.6069,78.0933,2021,7.6,5230,0,616,1014,412,48,840,48,175,616,4,1.24,3.99,3138
11.4753,78.7361,2021,7.5,449,0,159,50,22,6,180,24,29,22,0,0.32,1.38,269.4
10.0958,77.6881,2021,7.61,1009,0,342,103,72,2,270,42,40,106,5,0.81,0.95,605.4
9.9944,77.6236,2021,8.2,1306,0,561,121,24,4,300,40,49,161,1,1.68,3.29,783.6
9.8472,77.3825,2021,7.18,2600,0,275,496,168,248,810,172,92,225,3,0.47,8.95,1560
9.7283,77.2783,2021,7.8,130,0,43,14,14,2,35,8,4,14,2,0.17,0.13,78
9.9586,77.3911,2021,7.6,2600,0,427,532,96,130,730,84,126,258,5,1.58,3.06,1560
9.92,77.515,2021,7.6,2360,0,427,362,144,200,660,70,118,230,16,1.3,3.61,1416
9.7,77.3,2021,7.7,770,0,281,35,67,37,205,22,36,83,0,1.15,2.32,462
9.8072,77.5031,2021,7.8,550,0,220,25,29,31,160,48,10,51,4,0.49,2.33,330
9.7367,77.3169,2021,7.8,1450,0,458,142,54,130,405,80,50,150,2,1.09,3,870
9.9917,77.4306,2021,8,1413,0,537,124,38,74,305,58,39,184,4,1.18,4.51,847.8
9.9719,77.4919,2021,7.7,196,0,67,18,19,2,55,16,4,18,0,0.37,0.13,117.6
9.0942,77.2981,2021,7.61,1127,0,397,113,38,51,345,58,49,99,3,0.34,1.53,676.2
9.8958,77.4069,2021,7.6,1152,0,275,142,96,62,400,106,33,76,6,0.59,2.37,691.2
9.9717,77.5564,2021,7.72,2050,0,397,326,149,99,550,200,12,212,5,1.17,1.28,1230
9.9625,77.5694,2021,7.4,4120,0,201,1205,149,81,1750,308,238,150,5,0.7,13.65,2472
10.1317,77.5506,2021,7.53,2280,0,531,425,53,62,480,68,75,304,5,1.07,0.45,1368
9.9069,77.3297,2021,7.64,2210,0,427,362,192,63,540,30,113,260,6,0.98,13.89,1326
9.8753,77.3911,2021,7.7,1225,0,397,110,48,130,360,80,39,126,1,0.7,2.72,735
10.1197,77.6269,2021,7.3,5620,0,366,1333,326,360,2300,432,297,235,5,0.75,29.8,3372
9.0064,77.6547,2021,7.4,4350,0,336,993,336,192,1610,260,233,258,5,1.51,12.12,2610
9.9164,77.2997,2021,7.65,1140,0,336,106,62,112,380,60,56,87,2,0.69,0.5,684
9.8972,77.3042,2021,7.8,745,0,305,39,34,50,250,82,11,58,4,0.49,0.64,447
9.8394,77.3447,2021,7.35,1436,0,262,277,48,99,480,116,46,115,1,0.32,2.82,861.6
10.0989,77.5717,2021,7.85,970,0,384,53,43,64,335,64,43,69,6,1.07,3.91,582
9.9606,77.4467,2021,7.91,800,0,317,50,34,50,300,90,18,46,4,0.61,0.43,480
12.6844,79.6292,2021,7.46,1323,0,171,199,256,56,370,80,41,143,3,1.07,1.92,793.8
12.0989,79.1694,2021,7.46,5390,0,268,1375,240,15,1240,208,175,522,15,1.89,0.14,3234
12.3589,79.2406,2021,7.2,1878,0,476,252,90,60,460,136,29,177,10,0.61,2.89,1126.8
12.2917,78.7917,2021,7.9,1534,0,488,184,6,28,390,36,73,107,7,0.88,4.18,920.4
12.4617,79.3508,2021,7.1,1796,0,451,255,35,31,500,92,66,98,6,0.85,2,1077.6
12.6658,79.5436,2021,7.5,1260,0,220,216,36,51,260,52,32,115,11,0.64,1.61,756
12.7667,79.4125,2021,7.6,2560,0,256,468,36,36,750,216,51,76,6,0.19,4.3,1536
12.455,79.0978,2021,7.3,2780,0,305,461,49,25,830,128,124,106,7,0.48,7.83,1668
12.8111,79.3972,2021,7.8,1351,0,189,255,115,15,460,72,68,86,6,0.54,5.19,810.6
12.5947,79.6275,2021,7.4,1416,0,293,199,35,92,310,72,32,119,6,0.36,0.96,849.6
12.5022,79.2253,2021,7.9,839,0,311,57,4,42,260,36,41,48,6,1.02,1.11,503.4
12.4439,79.0564,2021,7.9,1122,0,342,113,18,11,380,52,61,38,6,1.02,0.88,673.2
12.6583,79.115,2021,7.5,740,0,250,50,8,26,230,44,29,23,7,0.58,0.64,444
12.825,79.3917,2021,7.2,3490,0,366,752,119,170,930,296,46,337,3,0.48,10.51,2094
12.2097,79.8878,2021,7.3,1959,0,342,355,40,87,600,104,83,98,7,0.59,3.05,1175.4
12.4858,78.9881,2021,7.9,760,0,189,71,119,15,300,60,36,33,4,0.38,1.41,456
12.2381,79.0725,2021,7,1380,0,311,195,32,10,300,80,24,95,26,0.47,0.61,828
12.8192,79.3083,2021,7.36,2540,0,342,518,202,84,580,120,68,308,4,0.52,7.28,1524
12.5031,79.6661,2021,7.2,1972,0,195,454,20,34,650,160,61,61,7,0.37,3.31,1183.2
12.5064,79.6022,2021,8.2,2050,0,403,390,119,56,570,112,70,170,32,0.64,2.9,1230
12.5094,79.1467,2021,8,5400,0,744,872,261,16,910,56,187,393,142,0.51,7.16,3240
8.9,77.475,2021,7.71,1279,0,378,184,43,42,410,80,51,85,16,0.27,1.35,767.4
8.915,77.475,2021,7.7,873,0,293,128,40,11,330,60,44,72,6,0.46,0.44,523.8
8.8278,77.575,2021,7.3,1920,0,366,397,133,81,670,88,109,176,4,0.87,2.99,1152
8.8333,77.4083,2021,7.7,1344,0,262,170,138,47,440,136,24,53,24,0.66,0.56,806.4
8.9167,77.3833,2021,7.6,1355,0,250,234,116,48,560,88,83,33,4,0.8,1.51,813
8.5833,77.7153,2021,7.6,419,0,134,43,9,10,160,56,5,14,4,0.43,BDL,251.4
9.2417,77.8014,2021,7.59,1060,0,207,142,82,35,405,80,50,31,50,0.2,0.78,636
8.3167,77.5792,2021,7.84,860,0,317,78,28,12,230,52,24,74,13,0.92,0.45,516
8.4917,77.7042,2021,7.8,1698,0,403,298,115,5,280,36,46,251,2,1.05,0.23,1018.8
8.6911,77.7383,2021,7.7,1362,0,256,227,133,10,300,36,51,175,7,0.7,0.43,817.2
8.5783,77.5603,2021,7.75,2830,0,586,447,133,103,710,148,83,295,24,0.66,6.23,1698
9.1817,77.4389,2021,7.6,1447,0,232,213,187,15,400,92,41,135,13,1.46,1.82,868.2
8.2667,77.6847,2021,7.61,460,0,177,43,4,27,190,32,27,8,12,0.5,0,276
8.8517,77.7694,2021,7.3,1510,0,268,255,129,55,510,108,58,78,15,0.68,0.91,906
8.4847,77.7964,2021,7.3,1403,0,220,248,146,55,490,132,39,73,17,1.19,2.54,841.8
9.2083,77.5583,2021,7.34,1218,0,305,149,87,35,380,84,41,86,7,0.66,0,730.8
9.2083,77.5583,2021,7.4,1608,0,311,255,135,68,540,100,70,90,3,0.72,2.04,964.8
8.9722,77.2528,2021,7.49,554,0,183,74,20,29,140,36,12,58,12,0.51,0,332.4
9.34,77.4383,2021,7.9,1478,0,598,156,145,31,610,84,97,109,17,1.51,2.14,886.8
8.6667,77.6806,2021,7.6,1152,0,586,43,139,9,320,60,41,153,6,1.4,3.9,691.2
8.9631,77.3114,2021,7.7,1069,0,232,128,113,107,420,80,53,59,20,0.82,0.36,641.4
8.7056,77.7222,2021,7.7,1068,0,317,138,47,22,360,64,49,55,12,1.47,1.45,640.8
8.2867,77.8939,2021,7.67,978,0,281,99,18,27,230,52,24,51,70,0.41,BDL,586.8
9.2417,77.4083,2021,8.03,908,0,372,50,42,18,270,64,27,59,8,1.54,1.17,544.8
9.2417,77.4083,2021,7.6,1509,0,439,163,54,13,390,60,58,132,26,1.27,2.74,905.4
13.1885,79.5831,2021,7.55,2310,0,519,426,85,102,550,120,61,223,114,0.82,28.46,1386
13.2063,80.1149,2021,7.12,1213,0,390,153,61,0,210,24,36,167,2,0.82,6.68,727.8
13.1066,80.1556,2021,7.09,2060,0,549,256,107,70,510,148,34,215,8,0.9,6.5,1236
13.1531,79.3828,2021,7.28,1470,0,354,227,32,119,570,124,63,73,3,0.74,4.39,882
13.3158,80.1469,2021,7.27,1980,0,354,433,65,7,395,64,57,254,9,0.84,31.75,1188
13.4649,80.1121,2021,7.31,939,0,159,199,42,12,320,72,34,69,9,0.25,0.03,563.4
13.2867,80,2021,7.12,890,0,220,167,33,0,230,46,28,91,1,1.09,10.93,534
13.2792,79.8507,2021,7.38,262,0,61,64,6,4,140,16,24,7,1,0.72,0.02,157.2
13.3792,80.2924,2021,7.4,5760,0,506,1448,383,5,720,104,112,896,145,0.91,1.71,3456
13.1793,80.0643,2021,6.87,1264,0,311,188,96,2,280,64,29,154,1,0.54,1.83,758.4
13.1353,80.176,2021,7.35,2620,0,586,362,263,2,740,160,83,227,2,1.42,10.89,1572
13.0009,79.8662,2021,7.24,1023,0,305,156,21,21,450,96,51,32,4,0.82,8.58,613.8
13.3345,79.4399,2021,7.47,2420,0,689,362,74,37,640,124,80,199,85,0.79,39,1452
13.1726,79.6129,2021,7.25,2230,0,366,511,44,37,610,128,71,217,2,0.87,19.94,1338
13.0293,80.0798,2021,6.98,1553,0,360,234,98,72,390,120,22,184,12,0.88,4.93,931.8
13.22,79.7304,2021,7.62,1022,0,336,149,34,4,270,60,29,104,1,0.95,79.4,613.2
13.2046,80.1753,2021,6.92,877,0,250,135,30,19,250,48,32,81,2,1.02,3.47,526.2
13.45,80.01,2021,7.86,647,0,79,99,127,30,200,32,29,57,7,0.57,0.03,388.2
13.2921,80.0555,2021,7.16,698,0,201,110,34,1,175,50,12,80,1,0.75,3.33,418.8
13.3084,80.0461,2021,7.2,843,0,268,107,31,33,160,36,17,120,5,0.86,12.94,505.8
13.2783,79.7705,2021,7.04,1186,0,378,149,34,47,320,30,60,120,5,1.02,10.93,711.6
13.0485,80.1021,2021,7,1640,0,354,327,77,7,450,112,41,171,9,0.84,0.74,984
13.2653,79.6403,2021,7.66,1378,0,403,192,51,17,380,104,29,126,9,1.18,5.23,826.8
13.4166,80.3137,2021,7.29,1496,0,378,270,46,3,340,76,36,175,1,0.66,7.78,897.6
13.157,80.2047,2021,7.1,645,0,98,128,42,9,160,34,18,72,1,1.34,0.08,387
13.1886,80.1883,2021,7.2,534,0,146,103,18,3,160,36,17,44,15,0.69,0.03,320.4
13.3258,80.2977,2021,7.39,831,0,214,163,16,2,300,64,34,58,1,0.58,2.79,498.6
13.125,80.0323,2021,6.95,2740,0,354,604,189,71,870,244,63,208,13,1.08,12.49,1644
13.4025,80.2488,2021,7.6,2390,0,384,504,137,2,560,128,58,286,2,0.93,11.2,1434
13.1813,79.6118,2021,7.6,1388,0,348,249,29,44,450,60,73,113,3,1.11,4.79,832.8
13.1751,79.6131,2021,7.7,1383,0,390,206,25,49,360,68,46,145,1,0.97,10.55,829.8
13.3313,80.2848,2021,7.44,1658,0,299,341,41,50,400,76,51,156,72,0.43,0.81,994.8
13.3362,79.9086,2021,7.1,1141,0,323,178,36,30,250,50,30,141,8,0.85,6.6,684.6
13.0351,79.9283,2021,7.62,420,0,110,78,6,19,220,24,39,2,4,0.53,0,252
13.1836,80.0899,2021,7.08,549,0,116,114,9,41,230,42,30,30,2,0.83,0,329.4
13.0776,80.1111,2021,7.26,1323,0,232,213,157,8,350,108,19,129,1,0.64,0.68,793.8
13.1582,80.1021,2021,7.42,421,0,92,85,17,19,90,28,5,58,4,0.42,0.08,252.6
13.3276,79.4229,2021,7.31,1436,0,415,241,22,44,530,96,71,92,2,0.94,18.87,861.6
13.2484,80.0166,2021,7.28,528,0,165,82,20,1,165,38,17,47,4,0.77,0.91,316.8
13.3092,80.275,2021,7.3,1215,0,195,277,19,13,270,72,22,130,27,0.55,0.45,729
9.0292,78.0458,2021,7.7,4160,0,738,440,452,153,1005,112,176,375,101,0.71,4.57,2496
9.1431,77.7719,2021,7.6,523,0,244,14,5,19,220,52,22,5,1,0.47,BDL,313.8
9.1667,77.875,2021,7.5,873,0,250,64,46,16,320,32,58,3,1,0.72,0.11,523.8
8.8667,77.9,2021,7.6,8960,0,390,993,2950,40,1680,192,292,1328,21,1.15,53,5376
9.1983,78.2522,2021,7.5,794,0,305,71,67,19,160,32,19,133,3,0.94,0.77,476.4
8.6342,78.0736,2021,7.3,820,0,317,64,39,34,240,60,22,77,7,0.3,2.6,492
9.1583,77.8417,2021,7.2,2840,0,342,581,94,35,990,204,117,88,13,0.41,26.2,1704
8.4375,77.9736,2021,7.7,550,0,195,43,4,28,190,52,15,16,7,0.2,0.64,330
8.5181,77.8556,2021,7.7,773,0,122,99,94,27,240,72,15,37,7,0.44,0.31,463.8
8.4333,77.9028,2021,7.6,1066,0,146,248,41,29,170,44,15,162,8,0.49,0.75,639.6
8.4444,77.9,2021,7.6,1930,0,390,326,40,84,500,152,29,181,18,0.47,10.32,1158
8.625,77.9083,2021,8,1079,0,476,92,90,31,290,64,32,139,5,1.26,2.76,647.4
8.8083,78.1389,2021,7.5,10360,0,756,2297,650,48,1020,128,170,1829,32,1.43,41.8,6216
12.9133,79.0856,2021,8.21,1802,0,393,254,98,34,540,36,109,136,14,1.66,9.22,1081.2
12.9136,79.0847,2021,8.32,1271,12,311,213,58,31,435,90,51,92,8,0.71,1.33,762.6
12.7853,78.7067,2021,7.84,4990,0,460,1367,162,18,1350,408,80,522,8,0.27,26.7,2994
13.0147,79.4878,2021,8.21,1110,0,366,145,34,6,135,32,13,176,10,0.47,3.5,666
12.4608,78.6231,2021,8.46,1563,18,488,248,29,25,550,46,106,110,3,0.12,2.9,937.8
12.9444,78.8439,2021,8.2,825,0,64,142,148,11,280,84,17,62,10,0.32,8.6,495
12.8544,78.8625,2021,8.47,2590,18,451,337,320,111,370,124,15,426,10,0.73,4.19,1554
12.4558,78.5867,2021,8.47,1456,20,293,179,75,235,670,188,49,73,3,0.31,0.52,873.6
13.1292,79.2542,2021,7.82,2340,0,415,280,10,43,530,72,85,72,21,0.8,6.84,1404
12.9286,79.3325,2021,7.84,1450,0,378,252,55,37,375,60,55,159,16,1.5,11.2,870
12.9303,79.3392,2021,7.99,7020,0,683,1864,380,21,2350,500,268,575,10,0.77,16.55,4212
12.6831,78.625,2021,8.25,2780,0,321,604,120,210,750,184,71,245,3,0.84,2.4,1668
12.6517,78.0775,2021,8.52,2710,12,305,780,29,12,560,172,32,368,12,0.42,1.82,1626
12.8881,79.1375,2021,7.92,1362,0,423,195,18,97,240,68,17,206,9,1.87,3.28,817.2
12.9144,79.2819,2021,8.19,525,0,183,35,38,31,185,32,26,35,8,0.52,1.12,315
12.117,79.4805,2021,7.45,3720,0,354,768,212,133,1050,300,73,244,4,0.05,4.5,2232
12.1344,79.76,2021,8.04,2210,0,451,412,69,8,660,120,88,175,1,0.21,3.23,1326
11.9917,79.7833,2021,7.8,1448,0,537,121,101,4,510,88,70,102,4,0.18,2.26,868.8
9.7832,78.9182,2021,7.75,575,0,268,36,10,4,210,60,15,24,2,0,0.33,345
9.3639,77.6861,2021,7.5,4020,0,598,631,579,102,660,88,107,720,42,1.31,8.92,2412
9.4464,77.7667,2021,8.2,602,0,134,78,22,42,240,76,12,12,4,0.29,0.52,361.2
9.5125,78.0958,2021,7.57,3260,0,549,610,118,60,680,72,122,305,14,1.37,4.48,1956
9.7389,78.1008,2021,7.77,2240,0,403,333,120,92,520,104,63,179,7,1.4,3.02,1344
10.7008,77.4542,2021,7.63,147,0,73,21,2,12,70,12,10,12,1,0.4,0,88.2
9.3833,77.5583,2021,7.42,5160,0,256,1276,500,60,1280,244,163,687,40,1.15,18.34,3096
9.6308,77.8167,2021,7.69,579,0,183,28,12,44,230,48,27,11,7,0.71,0.9,347.4
9.4639,78.165,2021,7.1,6150,0,677,1184,360,64,1460,396,114,643,25,1.12,17.2,3690
9.7183,78.1131,2021,7.6,1126,0,317,177,48,53,430,88,51,75,6,1.11,1.45,675.6
9.6694,78.1083,2021,7.4,2590,0,342,503,100,50,810,136,114,112,11,0.64,14.98,1554
9.6619,78.2058,2021,7.7,336,0,122,21,26,12,100,16,15,27,3,1.1,0.33,201.6
9.4986,77.7,2021,7.9,405,0,140,21,40,16,180,32,24,10,4,0.52,0.4,243
9.5256,77.8894,2021,7.5,2780,0,403,362,511,92,910,104,158,310,16,1.34,14.4,1668
9.325,78.0083,2021,7.46,19600,0,671,3616,4150,30,2450,340,389,3075,21,1.35,83,11760
9.4625,77.5417,2021,7.2,2880,0,366,532,216,79,680,124,90,270,7,1.03,3.55,1728
9.45,77.7917,2021,7.3,1872,0,311,425,63,47,540,108,66,150,10,0.43,2.55,1123.2
9.5,77.6333,2021,7.61,2290,0,317,461,63,23,490,84,68,190,5,0.65,0.61,1374
9.4992,77.6267,2021,7.9,726,0,342,57,49,20,340,52,51,22,22,0.35,0.65,435.6
9.6083,77.6667,2021,7.8,735,0,342,78,44,23,230,36,34,84,4,0.73,0.79,441
9.3333,77.7667,2021,7.7,3510,0,695,503,139,120,840,60,168,374,21,1.88,24.13,2106
9.6303,77.6417,2021,7.8,473,0,195,21,16,22,160,24,24,22,2,1.17,0.36,283.8
10.2242,78.2294,2021,7.74,7160,0,756,1529,385,378,1840,80,399,680,6.7,1.3,49.92,4296
10.0931,78.2711,2021,7.41,1170,0,342,149,98,17,310,56,41,128,15,1.59,159.84,702
10.0383,78.1986,2021,7.57,825,0,281,78,58,17,275,72,23,54,4.2,0.61,2.22,495
9.8556,78.0667,2021,7.31,1763,0,329,341,53,48,670,88,109,91,4.7,1.04,1.94,1057.8
9.7069,77.8856,2021,7.76,2570,0,500,370,245,21,720,80,126,284,18,1.54,3.02,1542
9.7208,77.8556,2021,7.69,1775,0,451,263,130,0.35,390,44,68,234,0.31,1.6,1.66,1065
9.7428,77.7922,2021,7.73,899,0,268,89,56,46,335,66,41,41,0.87,0.65,0.93,539.4
9.8044,77.6689,2021,7.85,1373,0,451,178,67,31,520,64,88,103,1.4,1.6,0.76,823.8
9.8844,78.1825,2021,7.73,3040,0,512,555,140,37,520,32,107,415,1.4,0.82,6.65,1824
