Latitude,Longitude,Year,pH,EC,CO3,HCO3,Cl,SO4,NO3,TH,Ca,Mg,Na,K,F,U(ppb),TDS,Water_Quality
13.0192,80.2679,2021,7.71,973,0,244,135.0,134.0,5.0,370,44.0,63.0,59.0,18.0,0.82,0.59,583.8,1
13.0395,80.2584,2021,7.46,629,0,165,110.0,16.0,2.0,170,50.0,11.0,58.0,5.0,0.84,2.06,377.4,0
13.0007,80.2669,2021,7.5,660,0,183,114.0,45.0,3.0,240,60.0,22.0,38.0,17.0,0.3,0.79,396.0,1
13.007,80.2409,2021,7.04,608,0,171,103.0,27.0,4.0,175,46.0,15.0,57.0,5.0,0.92,1.71,364.8,0
13.043,80.2056,2021,7.69,856,0,207,121.0,135.0,6.0,310,52.0,44.0,59.0,12.0,0.82,1.29,513.6,1
13.0891,80.1977,2021,7.19,636,0,165,121.0,22.0,4.0,155,30.0,19.0,70.0,5.0,0.89,3.25,381.6,0
13.1294,80.2914,2021,7.6,2130,0,445,447.0,49.0,20.0,350,72.0,41.0,265.0,76.0,0.27,0.26,1278.0,1
13.087,80.2681,2021,7.9,3460,0,689,639.0,263.0,1.0,440,64.0,68.0,588.0,26.0,1.03,3.4,2076.0,2
11.5625,79.5917,2021,7.84,1049,0,268,128.0,85.0,23.0,330,82.0,30.0,79.0,4.0,1.16,6.35,629.4,1
11.3619,79.4669,2021,7.1,1069,0,268,135.0,75.0,20.0,340,92.0,27.0,65.0,27.0,1.15,3.36,641.4,1
11.5394,79.5914,2021,7.89,1099,0,183,142.0,152.0,0.0,360,92.0,32.0,86.0,4.0,0.78,1.66,659.4,1
11.4667,79.55,2021,8.32,989,0,299,92.0,89.0,6.0,220,32.0,34.0,109.0,1.0,0.45,0.89,593.4,1
11.3058,79.5939,2021,8.08,2750,0,561,484.0,153.0,9.0,550,48.0,105.0,304.0,3.0,0.8,8.37,1650.0,2
11.9403,78.4017,2021,7.8,3150,0,451,503.0,335.0,66.0,780,184.0,78.0,231.0,62.0,0.4,7.19,1890.0,2
12.1172,78.1531,2021,7.8,1652,0,433,191.0,151.0,59.0,620,92.0,95.0,62.0,2.0,0.54,3.78,991.2,2
12.1353,78.06,2021,7.0,1366,0,415,170.0,74.0,46.0,570,112.0,70.0,29.0,3.0,0.72,1.46,819.6,1
12.1192,77.7811,2021,7.9,1300,0,476,128.0,116.0,3.0,300,36.0,51.0,180.0,1.0,0.79,1.04,780.0,1
12.2625,78.3003,2021,7.7,2600,0,378,503.0,181.0,11.0,660,156.0,66.0,218.0,1.0,0.8,3.36,1560.0,2
12.9867,78.6714,2021,7.6,1719,0,415,213.0,237.0,48.0,710,40.0,148.0,65.0,2.0,0.58,21.5,1031.4,2
12.1156,78.4025,2021,7.4,1721,0,378,291.0,26.0,62.0,500,68.0,80.0,156.0,1.0,0.96,0.98,1032.6,1
12.0975,78.1289,2021,7.4,354,0,67,50.0,41.0,3.0,130,28.0,15.0,14.0,1.0,0.18,0.32,212.4,0
12.1358,77.9906,2021,7.2,2950,0,317,468.0,248.0,55.0,960,164.0,134.0,131.0,1.0,0.69,7.61,1770.0,2
12.1425,78.2917,2021,7.5,2420,0,464,362.0,186.0,81.0,780,92.0,134.0,139.0,1.0,1.46,3.94,1452.0,2
12.1425,78.2917,2021,7.5,2420,0,464,362.0,186.0,81.0,780,92.0,134.0,139.0,1.0,1.46,3.94,1452.0,2
12.2147,78.0564,2021,7.5,1472,0,549,170.0,98.0,6.0,490,36.0,97.0,131.0,1.0,1.41,2.17,883.2,1
12.0275,77.8103,2021,7.8,1746,0,476,145.0,168.0,45.0,660,140.0,75.0,97.0,0.0,0.73,5.45,1047.6,2
12.0519,78.2792,2021,7.9,2330,0,512,305.0,189.0,62.0,770,72.0,143.0,161.0,2.0,1.45,4.88,1398.0,2
12.1036,78.5889,2021,7.7,3590,0,598,475.0,240.0,49.0,1120,268.0,109.0,176.0,2.0,1.34,13.6,2154.0,2
10.4822,78.1672,2021,7.87,1137,0,348,145.0,72.0,18.0,375,40.0,67.0,94.0,4.0,0.32,5.2,682.2,1
10.4667,77.6583,2021,8.0,2720,0,134,744.0,72.0,195.0,950,232.0,90.0,198.0,5.0,0.08,0.86,1632.0,2
10.3667,77.9708,2021,7.9,1890,0,567,195.0,144.0,70.0,480,74.0,72.0,212.0,11.0,1.14,1.76,1134.0,1
10.2583,77.925,2021,7.7,1250,0,317,174.0,74.0,57.0,325,88.0,26.0,133.0,8.0,0.6,4.27,750.0,1
10.6806,78.1156,2021,7.79,1745,0,397,230.0,130.0,101.0,395,114.0,27.0,214.0,9.0,0.25,4.71,1047.0,2
10.3514,77.9944,2021,7.5,360,0,134,28.0,43.0,2.0,100,28.0,7.0,40.0,6.0,0.42,1.06,216.0,0
10.7583,78.0333,2021,7.6,1280,0,323,170.0,110.0,20.0,310,62.0,38.0,143.0,16.0,0.62,6.13,768.0,1
10.6714,77.9922,2021,7.85,1363,0,378,209.0,48.0,24.0,495,126.0,44.0,83.0,8.0,0.32,2.04,817.8,1
10.475,77.5667,2021,7.86,4030,0,751,638.0,326.0,218.0,1000,144.0,156.0,465.0,22.0,0.52,1.74,2418.0,2
10.2347,77.4833,2021,7.46,146,0,37,25.0,10.0,1.0,40,10.0,4.0,14.0,0.0,0.07,0.01,87.6,0
10.7272,78.1392,2021,7.92,3230,0,561,603.0,202.0,175.0,815,186.0,85.0,380.0,22.0,0.83,5.44,1938.0,2
10.2256,77.5929,2021,7.87,2440,0,616,397.0,158.0,9.0,510,120.0,51.0,322.0,24.0,0.63,2.3,1464.0,1
10.4875,77.7542,2021,7.43,2530,0,592,468.0,43.0,99.0,750,144.0,95.0,235.0,5.0,0.44,1.82,1518.0,2
10.488,77.7577,2021,7.49,2650,0,488,425.0,192.0,192.0,1080,128.0,185.0,120.0,5.0,0.18,0.2,1590.0,2
10.4658,77.8056,2021,7.6,1667,0,482,181.0,53.0,122.0,555,112.0,67.0,115.0,6.0,1.45,1.49,1000.2,2
10.4333,77.5125,2021,8.14,307,0,85,39.0,24.0,5.0,95,30.0,5.0,25.0,6.0,0.41,0.02,184.2,0
10.2681,77.5417,2021,7.8,55,0,18,7.0,5.0,1.0,20,6.0,1.0,5.0,1.0,0.32,0.01,33.0,0
10.4619,77.7061,2021,7.0,1789,0,470,177.0,58.0,189.0,620,88.0,97.0,103.0,5.0,1.17,0.02,1073.4,2
10.4167,77.8611,2021,7.7,1342,0,464,131.0,47.0,70.0,380,68.0,51.0,129.0,6.0,0.23,2.06,805.2,1
10.4167,77.8611,2021,7.8,1329,0,354,156.0,82.0,102.0,495,130.0,41.0,83.0,2.0,0.96,2.06,797.4,2
10.7416,78.1041,2021,7.6,2710,0,226,794.0,67.0,27.0,1130,120.0,202.0,115.0,8.0,0.88,16.73,1626.0,2
10.4383,78.0855,2021,7.86,1200,0,336,152.0,96.0,15.0,345,72.0,40.0,115.0,5.0,0.98,10.87,720.0,1
10.4597,78.0272,2021,8.2,1094,0,366,128.0,43.0,21.0,350,40.0,61.0,83.0,12.0,0.1,5.46,656.4,1
10.4053,78.0453,2021,7.81,4180,0,928,681.0,240.0,161.0,890,220.0,83.0,552.0,16.0,0.29,3,2508.0,2
10.59,77.5269,2021,7.8,2340,0,366,553.0,34.0,99.0,690,78.0,120.0,221.0,14.0,0.9,1.75,1404.0,2
10.5333,77.5208,2021,7.68,1291,0,549,78.0,43.0,50.0,425,20.0,91.0,92.0,12.0,0.53,0.22,774.6,1
10.4422,78.103,2021,7.23,2360,0,323,418.0,221.0,149.0,610,144.0,61.0,276.0,4.0,0.38,1.74,1416.0,2
10.3583,78.1,2021,7.76,2490,0,421,440.0,154.0,109.0,740,196.0,61.0,219.0,4.0,0.28,1.59,1494.0,2
10.5458,78.0719,2021,8.0,2270,0,281,362.0,206.0,231.0,660,100.0,100.0,216.0,12.0,0.23,13.18,1362.0,2
10.5306,77.9528,2021,7.77,4160,0,488,1028.0,202.0,5.0,1060,68.0,216.0,460.0,13.0,0.71,4.74,2496.0,2
12.4064,79.8133,2021,7.81,1020,0,384,142.0,3.0,1.0,390,84.0,44.0,37.0,1.0,1.04,0.5,612.0,1
12.902,80.2494,2021,7.48,853,0,256,121.0,46.0,57.0,310,52.0,44.0,54.0,17.0,0.12,2.49,511.8,1
12.5689,79.7233,2021,7.1,1150,0,299,145.0,60.0,70.0,380,100.0,32.0,64.0,1.0,0.52,1.59,690.0,1
12.4064,79.8133,2021,7.2,1422,0,323,248.0,50.0,40.0,450,64.0,70.0,99.0,1.0,1.15,3,853.2,1
12.8633,80.2261,2021,7.45,764,0,92,114.0,108.0,34.0,190,20.0,34.0,69.0,40.0,0.37,0.18,458.4,0
12.9403,80.1378,2021,7.42,497,0,134,60.0,16.0,50.0,165,24.0,26.0,36.0,1.0,0.17,0.28,298.2,0
12.95,80.1338,2021,7.09,1761,0,525,312.0,29.0,7.0,530,76.0,83.0,169.0,4.0,0.91,1.04,1056.6,1
12.2586,79.9028,2021,7.11,485,0,226,28.0,2.0,21.0,160,32.0,19.0,36.0,0.0,0.4,0.47,291.0,0
12.8439,80.0622,2021,7.15,1360,0,275,220.0,10.0,99.0,420,120.0,29.0,96.0,30.0,0.69,0.73,816.0,1
12.8336,79.7025,2021,7.8,3930,0,1110,596.0,8.0,72.0,140,32.0,15.0,722.0,23.0,1.76,111,2358.0,2
12.9574,80.1785,2021,7.4,1616,0,336,305.0,78.0,39.0,460,120.0,39.0,153.0,4.0,0.55,0.78,969.6,1
12.8687,80.1101,2021,7.38,1824,0,397,312.0,73.0,98.0,480,116.0,46.0,199.0,2.0,0.64,1.69,1094.4,1
12.3506,79.9014,2021,7.64,962,0,268,163.0,6.0,19.0,250,44.0,34.0,104.0,2.0,0.9,0.47,577.2,1
12.9008,80.1615,2021,7.38,1960,0,445,369.0,44.0,26.0,490,104.0,56.0,214.0,3.0,0.78,2.52,1176.0,1
12.6158,80.1925,2021,7.55,443,0,128,57.0,54.0,3.0,190,24.0,32.0,17.0,6.0,0.59,0.15,265.8,1
12.919,80.0424,2021,7.54,2100,0,628,277.0,40.0,146.0,330,92.0,24.0,169.0,268.0,0.97,0.96,1260.0,2
12.8943,80.0645,2021,7.4,1710,0,403,291.0,52.0,65.0,430,140.0,19.0,182.0,21.0,0.37,0.29,1026.0,1
12.9814,80.156,2021,7.27,2090,0,397,391.0,106.0,40.0,510,132.0,44.0,217.0,2.0,0.89,6.92,1254.0,1
12.9173,80.0856,2021,7.32,2690,0,622,518.0,71.0,53.0,440,80.0,58.0,402.0,4.0,1.11,2.33,1614.0,1
12.8338,80.1667,2021,7.52,909,0,220,170.0,35.0,2.0,340,64.0,44.0,52.0,5.0,0.2,0,545.4,1
12.63,79.8336,2021,7.1,840,0,305,57.0,30.0,25.0,230,76.0,10.0,54.0,0.0,0.99,1.67,504.0,1
12.5269,80.1622,2021,7.82,1328,0,329,178.0,122.0,73.0,460,128.0,34.0,90.0,21.0,0.7,7.84,796.8,1
12.7564,79.8592,2021,7.2,640,0,189,71.0,35.0,37.0,160,28.0,22.0,78.0,4.0,0.33,0.5,384.0,0
12.6061,80.056,2021,7.7,458,0,98,85.0,34.0,8.0,180,24.0,29.0,23.0,8.0,0.51,0.56,274.8,1
12.7318,80.1891,2021,7.86,1639,0,415,213.0,160.0,48.0,280,24.0,54.0,255.0,9.0,1.25,1.66,983.4,1
12.86,80.2417,2021,7.47,409,0,73,64.0,59.0,13.0,140,20.0,22.0,25.0,8.0,0.53,0.22,245.4,1
12.8117,79.9425,2021,7.1,960,0,281,106.0,25.0,41.0,310,72.0,32.0,40.0,1.0,0.36,1.56,576.0,1
12.9036,79.9139,2021,7.1,3080,0,366,638.0,155.0,25.0,440,64.0,68.0,398.0,29.0,0.77,71.3,1848.0,1
12.9004,80.1711,2021,7.29,2680,0,604,504.0,88.0,21.0,780,164.0,90.0,239.0,20.0,0.52,0.26,1608.0,2
8.25,77.5167,2021,7.9,972,0,342,106.0,16.0,26.0,290,88.0,17.0,77.0,5.0,0.86,1,583.2,1
8.2583,77.4528,2021,7.8,1015,0,427,99.0,17.0,36.0,250,68.0,19.0,120.0,4.0,0.77,3.11,609.0,1
8.1917,77.2953,2021,7.8,250,0,24,50.0,6.0,13.0,80,8.0,15.0,12.0,5.0,0.3,0.47,150.0,0
8.2839,77.2719,2021,7.3,843,0,85,170.0,20.0,47.0,200,20.0,36.0,56.0,27.0,0.67,0,505.8,1
8.1778,77.2625,2021,7.1,169,0,37,21.0,13.0,8.0,70,12.0,10.0,4.0,2.0,0.15,0,101.4,0
8.3522,77.2858,2021,7.0,695,0,122,78.0,21.0,69.0,120,32.0,10.0,60.0,26.0,0.32,0,417.0,0
8.2222,77.2583,2021,7.6,729,0,67,156.0,56.0,12.0,120,20.0,17.0,86.0,3.0,0.44,0.08,437.4,0
8.225,77.3583,2021,7.3,667,0,67,92.0,59.0,24.0,160,36.0,17.0,38.0,12.0,0.22,0,400.2,0
8.1031,77.5439,2021,7.6,1386,0,250,227.0,141.0,24.0,260,44.0,36.0,168.0,2.0,1.53,0,831.6,2
8.1031,77.5439,2021,7.6,1386,0,250,227.0,141.0,24.0,260,44.0,36.0,168.0,2.0,1.53,0,831.6,2
8.3097,77.2142,2021,7.5,506,0,61,92.0,109.0,31.0,140,16.0,24.0,26.0,120.0,0.22,0,303.6,1
12.5717,77.8975,2021,7.26,292,0,118,21.0,18.0,0.0,100,25.0,9.0,14.0,3.0,0.33,0.57,175.2,0
12.545,78.3483,2021,7.61,2570,0,586,370.0,360.0,34.0,660,120.0,88.0,278.0,17.0,1.8,46.06,1542.0,2
12.6027,78.1853,2021,8.26,831,0,427,53.0,69.0,2.0,235,30.0,39.0,99.0,15.0,1.66,54.2,498.6,2
12.7278,77.8278,2021,8.07,1114,0,378,149.0,72.0,38.0,365,54.0,56.0,96.0,11.0,0.89,19.76,668.4,1
12.4197,78.2186,2021,7.86,1979,0,464,292.0,160.0,127.0,400,104.0,34.0,210.0,124.0,0.16,3.24,1187.4,2
12.3328,78.3503,2021,7.57,735,0,329,71.0,37.0,5.0,220,52.0,22.0,92.0,1.0,0.39,0.54,441.0,1
12.4721,78.2154,2021,7.93,1647,0,415,277.0,100.0,69.0,410,80.0,51.0,213.0,13.0,0.8,17.01,988.2,1
12.3825,78.4133,2021,7.78,2940,0,610,441.0,140.0,251.0,740,132.0,100.0,275.0,10.0,0.86,6.99,1764.0,2
12.6047,78.2494,2021,7.22,1459,0,375,235.0,156.0,0.0,390,58.0,60.0,153.0,4.0,1.06,72.77,875.4,1
12.5639,77.9128,2021,7.36,722,0,336,71.0,23.0,3.0,235,54.0,24.0,70.0,5.0,0.52,0.55,433.2,0
12.3013,78.2795,2021,7.25,2930,0,305,683.0,100.0,39.0,660,172.0,56.0,256.0,6.0,0.47,5.54,1758.0,2
12.6636,78.0122,2021,7.76,2630,0,476,384.0,163.0,291.0,710,184.0,61.0,342.0,4.0,0.6,1.19,1578.0,2
12.3408,78.2458,2021,7.39,2680,0,403,498.0,94.0,128.0,620,112.0,83.0,245.0,5.0,1.53,4.25,1608.0,2
12.5933,77.8681,2021,7.57,528,0,262,28.0,28.0,18.0,175,52.0,11.0,50.0,4.0,1.0,9.83,316.8,0
11.6467,77.8236,2021,7.8,1001,0,439,50.0,59.0,18.0,380,48.0,63.0,30.0,14.0,1.54,10,600.6,2
11.6472,77.8233,2021,7.5,1159,0,195,128.0,139.0,35.0,360,48.0,58.0,84.0,3.0,1.04,8,695.4,1
11.6472,77.8233,2021,7.6,845,0,189,28.0,152.0,6.0,310,52.0,44.0,37.0,1.0,1.48,15,507.0,1
11.6436,77.825,2021,7.8,2700,0,573,248.0,522.0,62.0,810,92.0,141.0,220.0,57.0,1.46,24,1620.0,2
11.4972,78.6458,2021,7.8,1198,0,378,142.0,141.0,5.0,510,44.0,97.0,41.0,3.0,0.58,1.65,718.8,1
11.7003,77.8753,2021,7.2,2460,0,732,291.0,204.0,30.0,610,32.0,129.0,238.0,43.0,1.47,35,1476.0,2
11.5706,77.8989,2021,7.8,1050,0,214,78.0,125.0,33.0,360,56.0,53.0,40.0,6.0,1.54,7.5,630.0,2
11.5706,77.8992,2021,7.9,2470,0,659,340.0,201.0,40.0,560,32.0,117.0,268.0,17.0,1.4,2.56,1482.0,2
11.5706,77.7922,2021,7.9,1621,0,500,106.0,158.0,25.0,290,44.0,44.0,221.0,2.0,1.15,25.5,972.6,1
11.7578,77.8933,2021,7.7,427,0,171,50.0,19.0,3.0,150,24.0,22.0,31.0,24.0,0.51,0.92,256.2,0
11.5925,78.1092,2021,7.7,3250,0,512,603.0,112.0,60.0,540,48.0,102.0,349.0,5.0,0.77,2.02,1950.0,2
11.6264,78.7833,2021,7.6,3660,0,317,510.0,626.0,72.0,1160,104.0,219.0,172.0,18.0,0.57,11.35,2196.0,2
11.6703,78.1564,2021,7.7,1328,0,451,113.0,82.0,50.0,510,72.0,80.0,76.0,1.0,0.62,1.76,796.8,1
11.4381,78.5242,2021,7.4,1060,0,433,85.0,82.0,22.0,430,60.0,68.0,26.0,35.0,0.3,0.57,636.0,1
11.5653,78.0886,2021,7.5,6710,0,427,1340.0,402.0,71.0,1130,124.0,199.0,618.0,21.0,0.97,12.6,4026.0,2
11.8342,78.0839,2021,7.8,2970,0,677,347.0,283.0,68.0,610,48.0,119.0,312.0,1.0,1.39,1.8,1782.0,2
11.6572,78.3953,2021,7.7,1329,0,366,163.0,91.0,76.0,480,84.0,66.0,77.0,5.0,0.29,1.84,797.4,1
11.5736,78.0728,2021,7.5,673,0,146,89.0,28.0,9.0,220,44.0,27.0,24.0,1.0,0.21,0.4,403.8,0
11.5147,78.0917,2021,7.8,1208,0,476,110.0,86.0,38.0,360,52.0,56.0,110.0,4.0,0.69,0.21,724.8,1
11.7742,78.2094,2021,6.9,263,0,12,170.0,8.0,22.0,210,16.0,41.0,18.0,6.0,0.11,0.21,157.8,2
9.9958,77.6292,2021,7.9,677,0,183,74.0,38.0,50.0,235,30.0,39.0,46.0,3.0,1.02,2.87,406.2,1
9.9036,77.6233,2021,7.73,1250,0,244,170.0,144.0,56.0,475,42.0,90.0,69.0,6.0,1.82,1.48,750.0,2
10.1528,77.6583,2021,7.83,1450,0,641,110.0,34.0,9.0,410,94.0,43.0,143.0,4.0,0.59,2.69,870.0,1
9.925,77.5417,2021,7.8,570,0,73,85.0,48.0,59.0,200,44.0,22.0,39.0,4.0,0.37,0.08,342.0,1
9.9183,77.5217,2021,7.4,2830,0,409,656.0,48.0,184.0,840,84.0,153.0,276.0,9.0,1.41,7.61,1698.0,2
9.9917,77.4361,2021,7.93,1566,0,513,138.0,91.0,112.0,325,70.0,36.0,212.0,8.0,0.64,1.16,939.6,2
10.0989,77.5717,2021,7.52,1233,0,415,135.0,38.0,50.0,355,72.0,43.0,117.0,6.0,0.84,7.21,739.8,1
9.9625,77.5694,2021,7.58,2630,0,366,532.0,154.0,174.0,1040,212.0,124.0,138.0,3.0,0.99,10.76,1578.0,2
10.1208,77.55,2021,8.0,250,0,67,18.0,38.0,1.0,50,4.0,10.0,35.0,1.0,0.36,0.4,150.0,0
9.9392,77.3017,2021,7.8,545,0,244,18.0,29.0,31.0,200,50.0,18.0,35.0,5.0,0.98,0.66,327.0,0
10.0278,77.475,2021,7.6,150,0,43,18.0,19.0,1.0,40,8.0,5.0,16.0,0.0,0.29,0.02,90.0,0
9.8083,77.3333,2021,7.91,160,0,43,11.0,19.0,13.0,40,10.0,4.0,16.0,4.0,0.1,0.32,96.0,0
9.7358,77.5203,2021,7.75,540,0,244,28.0,34.0,5.0,200,48.0,19.0,32.0,3.0,0.71,1.14,324.0,0
9.9625,77.45,2021,7.87,890,0,397,28.0,48.0,29.0,310,64.0,36.0,60.0,4.0,0.72,0.72,534.0,1
12.8572,78.6575,2021,7.2,1530,0,634,135.0,35.0,20.0,300,24.0,58.0,186.0,2.0,1.76,7.02,918.0,2
12.7125,79.2231,2021,7.51,1447,0,268,184.0,170.0,22.0,340,52.0,51.0,124.0,4.0,0.8,15.48,868.2,1
12.5397,79.1522,2021,7.1,925,0,256,78.0,25.0,37.0,260,44.0,36.0,42.0,3.0,0.56,8.13,555.0,1
12.4658,79.3497,2021,7.3,1843,0,451,241.0,92.0,28.0,500,64.0,83.0,112.0,7.0,0.57,2.85,1105.8,1
12.4361,79.4181,2021,7.8,692,0,268,35.0,5.0,14.0,240,52.0,27.0,20.0,4.0,0.37,0,415.2,0
12.1267,79.0856,2021,7.43,1736,0,165,323.0,271.0,56.0,440,108.0,41.0,180.0,6.0,1.01,4.17,1041.6,1
12.7236,79.1256,2021,7.3,2580,0,488,404.0,186.0,111.0,650,132.0,78.0,245.0,5.0,0.88,6.78,1548.0,2
12.425,79.1467,2021,7.4,1485,0,165,284.0,119.0,53.0,450,108.0,44.0,106.0,3.0,0.47,4.8,891.0,1
12.2072,78.7036,2021,7.8,1192,0,195,135.0,118.0,86.0,560,148.0,46.0,8.0,2.0,0.28,2.8,715.2,1
12.7828,79.2558,2021,7.5,1073,0,207,103.0,121.0,39.0,280,68.0,27.0,73.0,3.0,0.55,2.95,643.8,1
12.7078,79.5611,2021,7.08,5580,0,207,1418.0,304.0,74.0,960,184.0,122.0,737.0,19.0,1.63,1.77,3348.0,2
12.7078,79.5611,2021,7.08,5580,0,207,1418.0,304.0,74.0,960,184.0,122.0,737.0,19.0,1.63,1.77,3348.0,2
12.2692,78.9436,2021,7.3,2320,0,329,340.0,144.0,185.0,620,92.0,95.0,154.0,13.0,0.6,3.72,1392.0,2
12.4886,79.1244,2021,7.2,1309,0,415,121.0,40.0,19.0,350,64.0,46.0,74.0,7.0,0.36,1.78,785.4,1
12.3592,79.6022,2021,7.7,1366,0,549,142.0,136.0,43.0,640,40.0,131.0,88.0,2.0,0.81,3.33,819.6,2
12.1556,78.9433,2021,7.3,1384,0,244,177.0,41.0,42.0,420,116.0,32.0,25.0,7.0,0.37,2.49,830.4,1
12.1086,79.8356,2021,7.4,2260,0,488,340.0,40.0,26.0,610,124.0,73.0,110.0,48.0,0.35,1.45,1356.0,2
8.7625,77.6403,2021,7.47,1626,0,305,340.0,16.0,13.0,490,96.0,61.0,120.0,47.0,0.66,1.32,975.6,1
8.7917,77.4333,2021,7.59,1444,0,549,142.0,36.0,48.0,410,84.0,49.0,109.0,55.0,0.6,1.08,866.4,1
8.7194,77.4361,2021,7.0,749,0,378,64.0,18.0,41.0,200,40.0,24.0,97.0,31.0,0.45,0.72,449.4,0
8.7194,77.4361,2021,7.6,402,0,159,21.0,40.0,22.0,150,40.0,12.0,24.0,3.0,0.37,0,241.2,0
8.1667,77.6167,2021,7.2,4850,0,220,1014.0,282.0,74.0,1230,284.0,126.0,422.0,19.0,1.58,9.78,2910.0,2
9.1667,77.4,2021,7.74,2680,0,805,369.0,132.0,68.0,750,172.0,78.0,286.0,62.0,0.46,5.81,1608.0,2
8.5333,77.4653,2021,7.54,951,0,366,106.0,22.0,31.0,350,80.0,36.0,53.0,7.0,0.34,0,570.6,1
8.6708,77.4456,2021,7.5,296,0,67,43.0,5.0,11.0,100,16.0,15.0,14.0,3.0,0.55,BDL,177.6,0
9.0667,77.3458,2021,7.16,3220,0,390,723.0,91.0,86.0,1130,272.0,109.0,132.0,28.0,0.49,4.47,1932.0,2
9.0667,77.3458,2021,7.4,3520,0,427,603.0,307.0,80.0,660,116.0,90.0,356.0,30.0,1.41,3.47,2112.0,2
8.4972,77.5986,2021,7.5,1028,0,189,142.0,93.0,42.0,380,84.0,41.0,44.0,8.0,1.21,5.38,616.8,1
8.5125,77.5417,2021,7.72,418,0,244,50.0,6.0,11.0,210,20.0,39.0,10.0,34.0,0.15,0,250.8,1
8.8625,77.6528,2021,7.56,1760,0,378,298.0,43.0,16.0,420,64.0,63.0,177.0,6.0,1.31,1.96,1056.0,1
8.5711,77.7011,2021,7.4,488,0,281,21.0,6.0,7.0,240,44.0,32.0,20.0,1.0,0.98,1.34,292.8,1
8.3167,77.5792,2021,7.6,1306,0,299,163.0,115.0,54.0,430,120.0,32.0,76.0,3.0,0.66,1.98,783.6,1
8.7347,77.5208,2021,7.8,3020,0,732,397.0,230.0,63.0,390,44.0,68.0,475.0,7.0,1.5,4.67,1812.0,2
9.4986,77.7,2021,7.48,2450,0,549,355.0,52.0,46.0,560,104.0,73.0,157.0,50.0,0.62,2.4,1470.0,1
8.3086,77.8603,2021,7.2,335,0,146,14.0,9.0,7.0,155,32.0,18.0,5.0,3.0,1.15,BDL,201.0,1
8.5333,77.7917,2021,7.5,1191,0,287,142.0,116.0,44.0,280,68.0,27.0,113.0,10.0,0.79,2.17,714.6,1
9.1183,77.6125,2021,7.64,1233,0,256,156.0,28.0,81.0,380,72.0,49.0,52.0,8.0,0.12,1.92,739.8,1
8.7333,77.7333,2021,7.5,245,0,85,14.0,28.0,16.0,110,16.0,17.0,5.0,7.0,0.1,0.13,147.0,0
9.0167,77.2528,2021,7.6,1261,0,342,121.0,138.0,43.0,360,40.0,63.0,125.0,39.0,0.91,1.37,756.6,1
8.7111,77.3681,2021,7.4,575,0,226,78.0,2.0,38.0,170,40.0,17.0,45.0,46.0,0.54,0,345.0,0
8.9256,77.3542,2021,7.67,1630,0,488,199.0,10.0,28.0,470,84.0,63.0,72.0,51.0,0.54,0.62,978.0,1
9.3403,77.4278,2021,7.55,2340,0,573,220.0,126.0,167.0,300,52.0,41.0,200.0,187.0,1.26,1.16,1404.0,2
8.8692,77.5292,2021,7.4,4260,0,281,978.0,315.0,119.0,1310,164.0,219.0,304.0,24.0,0.91,12.5,2556.0,2
8.7458,77.7,2021,7.6,5700,0,805,1227.0,240.0,92.0,1720,344.0,209.0,449.0,24.0,1.75,18.42,3420.0,2
9.0317,77.2717,2021,7.8,801,0,250,57.0,130.0,41.0,290,68.0,29.0,56.0,1.0,0.95,0.21,480.6,1
8.3331,77.6239,2021,7.4,3200,0,329,645.0,287.0,41.0,700,124.0,95.0,319.0,13.0,1.34,3.24,1920.0,2
8.8769,77.3458,2021,7.83,647,0,311,21.0,4.0,26.0,270,76.0,19.0,4.0,5.0,1.64,0,388.2,2
8.2542,77.7583,2021,7.3,3580,0,281,723.0,200.0,21.0,910,148.0,131.0,269.0,12.0,1.02,11.19,2148.0,2
8.2325,77.7206,2021,7.8,2360,0,305,503.0,147.0,13.0,610,116.0,78.0,204.0,10.0,1.54,2.41,1416.0,2
8.3556,77.6583,2021,7.92,933,0,232,106.0,36.0,56.0,260,40.0,39.0,68.0,27.0,0.46,1.43,559.8,1
8.3861,77.6167,2021,7.3,2760,0,256,319.0,462.0,53.0,600,144.0,58.0,261.0,13.0,0.58,6.03,1656.0,2
8.6611,77.625,2021,7.43,2950,0,329,362.0,312.0,122.0,790,120.0,119.0,223.0,13.0,0.9,4.89,1770.0,2
9.0919,77.4447,2021,7.5,2280,0,317,404.0,191.0,111.0,630,88.0,100.0,179.0,2.0,0.68,4.18,1368.0,2
13.0778,80.0259,2021,7.55,449,0,110,92.0,14.0,3.0,150,44.0,10.0,32.0,3.0,0.69,0.17,269.4,0
13.1104,80.1211,2021,7.21,1956,0,635,284.0,20.0,55.0,600,100.0,85.0,139.0,42.0,0.7,7.91,1173.6,1
13.3288,80.0766,2021,7.31,1170,0,433,142.0,27.0,8.0,210,28.0,34.0,161.0,3.0,0.83,9.92,702.0,1
13.2608,80.2861,2021,7.24,3450,0,348,859.0,198.0,3.0,900,216.0,88.0,361.0,14.0,0.46,3.6,2070.0,2
13.2276,80.3255,2021,7.6,1354,0,67,426.0,9.0,1.0,120,36.0,7.0,245.0,7.0,0.11,0.5,812.4,1
13.4156,80.13,2021,7.62,1409,0,238,199.0,182.0,39.0,440,56.0,73.0,96.0,34.0,0.71,1.64,845.4,1
13.1449,80.1042,2021,7.36,894,0,122,195.0,22.0,45.0,230,64.0,17.0,84.0,9.0,0.44,0.21,536.4,1
13.0957,79.9916,2021,7.16,3020,0,336,696.0,204.0,11.0,1000,248.0,92.0,224.0,8.0,1.31,0.7,1812.0,2
13.2705,80.2631,2021,7.23,3120,0,262,880.0,51.0,5.0,960,248.0,83.0,270.0,1.0,0.57,1.12,1872.0,2
13.2714,80.278,2021,7.4,3760,0,397,973.0,121.0,6.0,1100,248.0,117.0,357.0,10.0,0.26,1.16,2256.0,2
13.3169,79.9625,2021,7.21,1039,0,342,124.0,24.0,51.0,210,40.0,27.0,120.0,34.0,0.75,6.11,623.4,1
13.1197,80.0704,2021,7.63,1701,0,238,241.0,305.0,28.0,410,72.0,56.0,197.0,10.0,1.1,3.31,1020.6,1
13.3225,80.1837,2021,7.59,810,0,262,135.0,12.0,11.0,240,52.0,27.0,80.0,1.0,0.88,2.84,486.0,1
13.2311,80.1691,2021,7.12,1338,0,476,178.0,24.0,4.0,225,28.0,38.0,200.0,1.0,1.21,8.37,802.8,1
13.0588,80.0524,2021,7.45,972,0,329,142.0,14.0,6.0,280,52.0,36.0,96.0,4.0,1.14,0.43,583.2,1
13.1313,79.7794,2021,7.67,1371,0,445,178.0,39.0,75.0,370,88.0,36.0,154.0,4.0,0.96,3.86,822.6,1
13.1357,79.909,2021,7.31,2410,0,488,476.0,103.0,2.0,630,100.0,92.0,260.0,2.0,1.2,5.2,1446.0,2
13.067,80.1366,2021,7.1,1741,0,415,263.0,127.0,21.0,480,132.0,36.0,163.0,7.0,0.79,2.82,1044.6,1
8.7344,77.9194,2021,7.5,1387,0,232,184.0,80.0,137.0,450,100.0,49.0,60.0,11.0,0.66,1.17,832.2,2
9.2178,77.9833,2021,7.3,4350,0,244,581.0,670.0,114.0,1060,248.0,107.0,315.0,172.0,1.1,15.7,2610.0,2
11.9,79.05,2021,7.0,340,0,98,21.0,11.0,28.0,100,20.0,12.0,15.0,2.0,0.37,1.2,204.0,0
9.1444,77.7056,2021,7.6,773,0,195,78.0,30.0,42.0,190,52.0,15.0,78.0,1.0,0.44,1.06,463.8,1
9.1486,77.7167,2021,7.8,1158,0,439,99.0,118.0,32.0,340,72.0,39.0,112.0,30.0,0.28,3.5,694.8,1
9.15,78.1667,2021,7.8,1828,0,537,213.0,131.0,25.0,270,36.0,44.0,310.0,8.0,1.55,3.96,1096.8,2
8.9444,77.775,2021,7.3,1550,0,366,227.0,131.0,28.0,405,36.0,77.0,140.0,12.0,1.16,1.4,930.0,1
8.9306,78.0917,2021,7.1,8440,0,921,1468.0,531.0,116.0,2180,604.0,163.0,752.0,17.0,1.19,125,5064.0,2
8.8333,77.8958,2021,7.0,835,0,342,43.0,35.0,15.0,230,48.0,27.0,56.0,57.0,0.4,0.78,501.0,1
9.2333,78.1306,2021,7.5,1181,0,238,170.0,59.0,50.0,240,80.0,10.0,124.0,26.0,0.7,1.98,708.6,1
8.65,77.95,2021,7.5,3820,0,268,837.0,113.0,117.0,1190,192.0,173.0,163.0,52.0,0.54,12.2,2292.0,2
9.3128,78.1361,2021,8.2,2720,0,1025,85.0,188.0,136.0,100,16.0,15.0,534.0,13.0,1.74,31,1632.0,2
8.4958,77.8333,2021,7.5,800,0,244,64.0,39.0,26.0,255,64.0,23.0,32.0,12.0,0.3,2.48,480.0,1
8.6083,77.85,2021,7.4,2350,0,232,418.0,113.0,143.0,750,168.0,80.0,91.0,16.0,0.4,11.58,1410.0,2
8.4958,78.1208,2021,7.8,1435,0,354,241.0,12.0,23.0,320,68.0,36.0,155.0,21.0,0.23,1.92,861.0,1
9.325,78.0792,2021,7.8,1600,0,336,184.0,64.0,93.0,640,148.0,66.0,30.0,17.0,0.4,7.1,960.0,2
9.0583,77.85,2021,7.4,7520,0,329,794.0,2160.0,52.0,3105,376.0,526.0,420.0,38.0,1.52,9,4512.0,2
12.6244,78.7528,2021,8.29,2340,0,385,290.0,10.0,53.0,530,72.0,85.0,72.0,21.0,0.8,2.15,1404.0,1
12.7542,78.6975,2021,8.03,2070,0,278,510.0,45.0,46.0,485,92.0,62.0,241.0,32.0,1.42,3.94,1242.0,1
12.9433,79.2869,2021,7.87,3255,0,439,696.0,56.0,16.0,680,168.0,63.0,350.0,2.0,0.65,19.6,1953.0,2
12.635,78.6039,2021,8.48,1192,30,370,285.0,40.0,9.0,630,92.0,97.0,29.0,19.0,0.51,1.49,715.2,2
12.7653,78.8386,2021,8.44,1187,24,305,216.0,24.0,19.0,400,120.0,24.0,83.0,8.0,0.15,5.75,712.2,1
12.9094,79.3617,2021,7.93,1865,0,323,362.0,96.0,45.0,660,78.0,113.0,115.0,5.0,0.82,7,1119.0,2
12.5458,78.5761,2021,8.51,2340,18,360,290.0,10.0,53.0,530,72.0,85.0,72.0,21.0,0.8,3.67,1404.0,1
12.9597,79.1125,2021,8.11,2448,0,360,280.0,557.0,40.0,350,40.0,61.0,428.0,8.0,0.4,3.6,1468.8,2
12.4797,78.4514,2021,7.3,3170,0,366,560.0,288.0,82.0,730,124.0,102.0,368.0,1.0,1.53,11.1,1902.0,2
12.9897,79.6178,2021,7.29,3060,0,303,710.0,108.0,42.0,790,192.0,75.0,233.0,5.0,1.56,6,1836.0,2
12.8747,78.7597,2021,8.37,776,30,293,71.0,44.0,20.0,250,40.0,36.0,51.0,23.0,0.66,11.19,465.6,1
12.975,79.1208,2021,8.15,1352,0,427,220.0,7.0,19.0,500,34.0,101.0,78.0,8.0,0.22,12.6,811.2,1
12.5775,78.8119,2021,8.47,1123,30,366,145.0,34.0,6.0,135,32.0,13.0,189.0,10.0,1.12,1.65,673.8,1
12.8525,79.1097,2021,7.4,4480,0,561,737.0,435.0,68.0,930,84.0,175.0,548.0,1.0,1.41,16,2688.0,2
12.7725,78.8789,2021,8.21,1715,0,622,225.0,43.0,19.0,415,64.0,62.0,184.0,5.0,0.82,3.98,1029.0,1
12.9014,78.9456,2021,8.41,934,24,232,154.0,28.0,30.0,310,72.0,32.0,71.0,12.0,0.62,2.25,560.4,1
12.9042,78.9417,2021,8.25,1612,0,586,263.0,43.0,23.0,490,88.0,66.0,170.0,3.0,0.33,6.8,967.2,1
12.9431,78.7233,2021,8.19,2880,0,495,517.0,96.0,42.0,630,92.0,97.0,294.0,17.0,1.74,5.46,1728.0,2
12.3792,78.8472,2021,7.99,3210,0,403,657.0,250.0,105.0,1210,188.0,180.0,186.0,5.0,1.78,31,1926.0,2
12.7189,78.6619,2021,8.01,5650,0,488,1602.0,130.0,74.0,1300,128.0,238.0,718.0,7.0,0.41,16,3390.0,2
12.9578,78.9103,2021,8.18,914,0,210,192.0,18.0,55.0,255,80.0,13.0,85.0,16.0,0.7,21.3,548.4,1
12.8622,78.8347,2021,8.45,740,18,158,149.0,12.0,24.0,230,52.0,24.0,62.0,4.0,1.01,0.59,444.0,0
12.9569,78.9956,2021,7.86,2825,0,495,517.0,96.0,42.0,630,92.0,97.0,294.0,17.0,0.53,16,1695.0,2
12.1042,79.7417,2021,8.15,818,0,329,89.0,35.0,7.0,325,66.0,39.0,46.0,2.0,0.0,0.44,490.8,1
12.0917,79.9,2021,7.86,1878,0,207,341.0,274.0,2.0,220,28.0,36.0,317.0,26.0,0.19,0.21,1126.8,1
12.2083,79.9583,2021,6.19,643,0,250,57.0,23.0,0.0,200,72.0,5.0,46.0,8.0,0.0,0.4,385.8,0
9.44,77.5369,2021,7.5,2860,0,329,709.0,120.0,36.0,820,128.0,122.0,329.0,23.0,0.8,4.47,1716.0,2
9.3833,77.4656,2021,7.6,2320,0,598,255.0,101.0,168.0,580,56.0,107.0,204.0,57.0,0.92,2.85,1392.0,2
9.6042,77.7486,2021,8.1,1026,0,598,28.0,119.0,10.0,250,40.0,36.0,172.0,2.0,1.15,4.66,615.6,1
9.5667,78.075,2021,7.7,2450,0,378,560.0,245.0,80.0,990,156.0,146.0,252.0,7.0,0.51,6.38,1470.0,2
9.5542,78.0083,2021,7.4,1000,0,415,78.0,80.0,25.0,330,76.0,34.0,70.0,19.0,0.34,0.8,600.0,1
9.4914,77.9336,2021,8.2,1185,0,390,57.0,113.0,10.0,260,64.0,24.0,112.0,3.0,1.8,8.63,711.0,2
9.5583,77.9583,2021,7.7,940,0,281,128.0,112.0,54.0,390,72.0,51.0,103.0,12.0,0.67,1.35,564.0,1
9.5111,78.1972,2021,7.9,2090,0,781,177.0,63.0,34.0,370,68.0,49.0,240.0,28.0,1.88,3.58,1254.0,2
9.5108,77.755,2021,7.7,2620,0,464,291.0,333.0,34.0,600,76.0,100.0,250.0,5.0,1.76,11.54,1572.0,2
9.4169,77.7506,2021,7.6,643,0,256,43.0,18.0,36.0,300,48.0,44.0,17.0,6.0,0.72,0.56,385.8,1
9.5833,77.9542,2021,7.4,4710,0,561,737.0,321.0,42.0,720,84.0,124.0,580.0,5.0,1.41,7.81,2826.0,2
10.0786,78.1742,2021,7.84,950,0,329,96.0,54.0,23.0,375,64.0,52.0,40.0,6.8,1.01,2.32,570.0,1
9.7969,78.0933,2021,7.84,1796,0,390,284.0,20.0,174.0,680,136.0,83.0,93.0,3.4,0.85,1.82,1077.6,2
9.8042,78.0917,2021,7.63,1009,0,207,164.0,27.0,84.0,360,68.0,46.0,51.0,0.72,0.13,0.45,605.4,1
9.8364,78.0567,2021,7.77,625,0,207,68.0,32.0,0.18,160,28.0,22.0,60.0,3.6,0.4,0.54,375.0,0
9.8239,77.9883,2021,7.28,5960,0,451,1337.0,295.0,350.0,1720,128.0,340.0,511.0,3.1,1.35,16.7,3576.0,2
9.7867,78.0022,2021,8.19,1653,0,854,85.0,37.0,39.0,170,20.0,29.0,350.0,0.43,2.0,12.74,991.8,2
9.6417,77.9744,2021,7.57,2810,0,659,370.0,102.0,99.0,500,80.0,73.0,320.0,46.0,0.7,4,1686.0,1
9.8244,77.7989,2021,7.49,190,0,61,14.0,15.0,0.96,56,14.0,4.9,9.6,0.33,0.33,0,114.0,0
9.7628,77.7392,2021,7.58,2310,0,610,356.0,102.0,72.0,560,56.0,102.0,282.0,7.1,0.78,0.86,1386.0,1
9.8325,77.7167,2021,7.75,1283,0,305,213.0,33.0,53.0,380,68.0,51.0,113.0,1.1,2.38,0.51,769.8,2
9.9366,77.7837,2021,7.65,1685,0,378,256.0,120.0,36.0,570,56.0,105.0,155.0,2.2,0.86,4.69,1011.0,2
9.8739,77.8678,2021,7.99,658,0,366,25.0,5.0,6.1,270,40.0,41.0,29.0,3.7,0.42,0.58,394.8,1
9.9083,78.1528,2021,7.77,1677,0,634,156.0,138.0,19.0,320,40.0,54.0,251.0,16.0,1.46,3.06,1006.2,1
9.8967,78.2553,2021,7.38,2520,0,293,512.0,135.0,54.0,740,112.0,112.0,174.0,7.1,1.0,1.48,1512.0,2
9.9125,78.2569,2021,7.49,1637,0,293,327.0,70.0,30.0,510,64.0,85.0,153.0,5.4,1.2,2.24,982.2,1
9.9086,78.1858,2021,7.97,649,0,268,43.0,26.0,24.0,190,36.0,24.0,58.0,2.0,0.85,0.14,389.4,0
9.9347,78.1689,2021,7.2,95,0,24,5.7,3.5,0.91,24,6.4,1.9,1.5,0.22,0.0,0,57.0,0
9.9511,78.2072,2021,7.5,2880,0,378,583.0,175.0,62.0,520,80.0,78.0,341.0,53.0,0.79,7.38,1728.0,2
9.9772,78.1958,2021,7.64,604,0,226,50.0,31.0,17.0,195,34.0,27.0,42.0,2.0,0.86,1.62,362.4,0
13.0735,80.2263,2021,7.17,1538,0,336,259.0,66.0,31.0,255,64.0,23.0,205.0,26.0,0.76,1.06,922.8,1
12.9433,80.2544,2021,7.57,1504,0,336,263.0,56.0,75.0,380,64.0,54.0,150.0,48.0,0.27,6.34,902.4,1
13.0605,80.2824,2021,7.47,2300,0,329,511.0,73.0,65.0,650,112.0,90.0,203.0,26.0,0.19,0.27,1380.0,2
13.0748,80.2626,2021,7.58,1410,0,409,241.0,51.0,3.0,280,108.0,2.0,206.0,21.0,0.48,2.27,846.0,1
12.9828,80.2639,2021,7.45,1586,0,177,433.0,44.0,10.0,270,72.0,22.0,235.0,17.0,0.27,2.03,951.6,1
12.9264,80.2556,2021,7.42,527,0,159,78.0,47.0,17.0,230,76.0,10.0,22.0,8.0,0.28,1.99,316.2,1
12.9879,80.2643,2021,7.62,1432,0,268,355.0,37.0,2.0,330,60.0,44.0,185.0,9.0,0.23,5.84,859.2,1
12.9344,80.2569,2021,7.48,1090,0,250,213.0,51.0,7.0,250,64.0,22.0,128.0,18.0,0.35,2.71,654.0,1
12.92,80.2517,2021,7.55,1183,0,287,178.0,43.0,100.0,380,108.0,27.0,94.0,32.0,0.48,8.24,709.8,1
12.9789,80.2658,2021,7.37,1660,0,146,511.0,39.0,20.0,260,68.0,22.0,276.0,19.0,0.17,0.48,996.0,1
12.9786,80.2656,2021,6.8,2750,0,183,795.0,54.0,34.0,350,68.0,44.0,459.0,26.0,0.36,0.44,1650.0,1
12.9866,80.2499,2021,7.68,760,0,165,107.0,133.0,5.0,230,28.0,39.0,70.0,11.0,0.73,1.16,456.0,1
13.1054,80.2844,2021,7.53,976,0,299,156.0,42.0,30.0,300,96.0,15.0,84.0,22.0,0.15,2.84,585.6,1
12.9569,80.2606,2021,7.4,1594,0,299,341.0,66.0,42.0,420,88.0,49.0,186.0,18.0,0.41,6.79,956.4,1
11.5819,79.5533,2021,7.76,887,0,98,146.0,122.0,6.0,215,64.0,13.0,80.0,8.0,0.52,0,532.2,1
11.6067,79.635,2021,7.9,417,0,67,62.0,43.0,17.0,116,33.0,8.0,28.0,5.0,0.4,0,250.2,1
11.3833,79.6917,2021,8.1,9520,0,732,2404.0,438.0,7.0,980,28.0,221.0,1510.0,31.0,0.8,3.47,5712.0,2
11.3617,79.5083,2021,8.25,1111,0,268,149.0,72.0,0.0,320,76.0,32.0,69.0,16.0,0.15,0.14,666.6,1
11.6175,79.5539,2021,7.68,198,0,43,23.0,9.0,19.0,52,14.0,4.0,18.0,1.0,0.31,0,118.8,0
11.5222,79.5256,2021,7.99,1203,0,244,156.0,127.0,7.0,260,60.0,27.0,119.0,43.0,0.75,0.4,721.8,1
11.2872,79.5517,2021,8.2,763,0,183,132.0,33.0,23.0,275,62.0,29.0,44.0,6.0,0.16,0.15,457.8,1
11.4458,79.7639,2021,8.04,1706,0,342,312.0,129.0,1.0,420,84.0,51.0,171.0,53.0,0.0,0.48,1023.6,1
11.6011,79.7189,2021,7.44,1753,0,439,220.0,160.0,70.0,380,80.0,44.0,183.0,81.0,0.55,3.03,1051.8,1
11.6083,79.3167,2021,7.8,1631,0,537,206.0,109.0,3.0,480,56.0,80.0,193.0,7.0,2.18,3.24,978.6,2
11.5269,79.6517,2021,7.85,2620,0,378,299.0,430.0,19.0,500,108.0,56.0,291.0,17.0,0.98,1.45,1572.0,2
11.3108,79.6303,2021,8.29,1783,60,415,220.0,112.0,101.0,380,88.0,39.0,168.0,155.0,0.75,1.04,1069.8,2
11.6392,79.7472,2021,6.96,329,0,112,38.0,10.0,0.0,60,16.0,5.0,41.0,0.0,0.13,0.29,197.4,0
11.4133,79.5206,2021,8.1,3430,0,476,683.0,272.0,1.0,700,84.0,119.0,428.0,2.0,0.68,0,2058.0,2
11.4161,79.5722,2021,8.16,2660,0,464,313.0,492.0,0.0,760,104.0,122.0,248.0,4.0,0.36,0.13,1596.0,2
11.5085,79.7568,2021,7.94,1180,0,439,163.0,25.0,6.0,290,80.0,22.0,115.0,26.0,0.19,0.69,708.0,1
11.4894,79.7156,2021,8.0,604,0,159,53.0,107.0,0.0,220,66.0,13.0,47.0,2.0,0.55,0,362.4,0
11.5203,79.7197,2021,7.81,2350,0,366,398.0,240.0,8.0,580,108.0,75.0,221.0,10.0,0.68,1.31,1410.0,1
11.5186,79.3697,2021,7.74,652,0,134,96.0,72.0,5.0,205,58.0,15.0,36.0,18.0,0.39,0,391.2,0
11.5294,79.5311,2021,7.84,1043,0,122,128.0,168.0,51.0,255,74.0,17.0,98.0,37.0,0.66,0.07,625.8,1
11.6269,79.7194,2021,6.98,866,0,73,199.0,43.0,2.0,105,20.0,13.0,122.0,3.0,0.55,0.31,519.6,1
11.5692,79.6789,2021,7.82,812,0,274,100.0,45.0,5.0,180,42.0,18.0,98.0,7.0,0.61,1.8,487.2,1
11.5687,79.6769,2021,7.96,2980,0,573,569.0,144.0,11.0,450,64.0,70.0,420.0,8.0,0.87,8.8,1788.0,1
11.5892,79.5275,2021,7.8,157,0,43,20.0,12.0,6.0,46,10.0,5.0,15.0,1.0,0.75,0.13,94.2,0
11.6164,79.7414,2021,6.87,258,0,76,16.0,12.0,17.0,54,14.0,4.0,12.0,22.0,0.52,1.45,154.8,0
11.3207,79.5969,2021,8.1,1795,0,647,256.0,99.0,0.0,460,72.0,68.0,208.0,34.0,0.17,0.53,1077.0,1
11.5167,79.3375,2021,7.66,1002,0,220,135.0,148.0,21.0,300,74.0,28.0,102.0,4.0,0.84,0,601.2,1
12.2017,78.3544,2021,7.0,6950,0,268,1758.0,428.0,99.0,2490,572.0,258.0,255.0,0.0,0.36,24.1,4170.0,2
12.1128,78.4942,2021,7.3,2360,0,317,362.0,210.0,52.0,760,124.0,109.0,144.0,1.0,0.91,4.4,1416.0,2
12.0489,78.4767,2021,7.8,2370,0,439,362.0,206.0,38.0,780,64.0,151.0,112.0,1.0,1.7,5.17,1422.0,2
12.1942,78.295,2021,7.5,1208,0,268,128.0,102.0,98.0,540,100.0,70.0,23.0,1.0,0.6,2,724.8,1
12.1331,78.3197,2021,7.5,352,0,183,28.0,24.0,2.0,190,24.0,32.0,18.0,1.0,0.14,0.65,211.2,0
12.1361,77.9686,2021,7.6,1672,0,293,234.0,142.0,42.0,560,68.0,95.0,124.0,0.0,0.55,8.19,1003.2,1
11.9661,78.4139,2021,7.3,2990,0,476,532.0,306.0,65.0,830,104.0,139.0,249.0,15.0,0.42,7.3,1794.0,2
12.1431,78.2844,2021,7.0,1310,0,207,184.0,112.0,62.0,410,80.0,51.0,67.0,1.0,0.47,1.28,786.0,1
11.9111,78.3664,2021,7.1,2370,0,500,305.0,188.0,77.0,710,176.0,66.0,139.0,3.0,1.4,5.38,1422.0,2
12.1322,77.9006,2021,7.7,2330,0,439,298.0,128.0,60.0,780,172.0,85.0,121.0,2.0,0.24,4.25,1398.0,2
12.1081,78.4128,2021,7.4,350,0,159,35.0,24.0,4.0,180,28.0,27.0,18.0,1.0,0.14,0.57,210.0,0
11.9403,78.0594,2021,7.8,3520,0,427,638.0,312.0,74.0,1300,180.0,207.0,170.0,1.0,1.41,9.6,2112.0,2
10.5983,77.9756,2021,7.52,4050,0,323,1156.0,106.0,44.0,1240,144.0,214.0,368.0,9.0,0.49,4.18,2430.0,2
10.4072,78.0025,2021,7.98,1483,0,403,223.0,77.0,1.0,230,42.0,30.0,230.0,4.0,0.84,4.23,889.8,1
10.2377,77.7708,2021,7.7,1870,0,470,252.0,86.0,140.0,660,140.0,75.0,129.0,5.0,1.11,3.49,1122.0,2
10.3667,77.9708,2021,7.9,1876,0,531,206.0,144.0,73.0,410,80.0,51.0,242.0,4.0,1.1,0.14,1125.6,1
10.1669,77.6944,2021,7.8,600,0,256,28.0,34.0,10.0,245,44.0,33.0,20.0,6.0,0.66,0.13,360.0,1
10.3583,77.975,2021,7.64,2950,0,561,425.0,269.0,220.0,1020,140.0,163.0,230.0,1.0,0.57,3.17,1770.0,2
10.3377,78.9261,2021,7.71,1850,0,543,227.0,96.0,80.0,555,60.0,98.0,173.0,5.0,1.45,4.97,1110.0,1
9.8844,78.1889,2021,7.35,715,0,244,64.0,58.0,3.0,135,40.0,9.0,97.0,5.0,0.91,0.73,429.0,0
10.613,78.0505,2021,7.41,848,0,299,64.0,67.0,28.0,225,70.0,12.0,85.0,9.0,0.26,5.81,508.8,1
10.2814,78.0708,2021,7.4,1690,0,580,191.0,77.0,14.0,425,60.0,67.0,184.0,5.0,1.29,12.86,1014.0,1
11.2513,78.0369,2021,7.82,877,0,244,106.0,67.0,2.0,255,64.0,23.0,76.0,12.0,0.11,4.11,526.2,1
12.8898,80.143,2021,7.4,975,0,244,192.0,8.0,2.0,350,76.0,39.0,59.0,2.0,0.49,0.39,585.0,1
12.9827,80.1286,2021,6.9,1545,0,439,206.0,5.0,157.0,400,100.0,36.0,145.0,48.0,1.4,2.24,927.0,2
10.4633,77.79,2021,7.0,2010,0,336,347.0,70.0,30.0,450,92.0,53.0,160.0,5.0,0.29,19.46,1206.0,1
12.6744,79.9769,2021,7.9,742,0,104,191.0,3.0,32.0,190,56.0,12.0,89.0,8.0,0.94,0.45,445.2,0
12.2669,79.9844,2021,7.0,1354,0,159,305.0,50.0,45.0,460,120.0,39.0,72.0,0.0,0.41,2.3,812.4,1
13.0153,80.1366,2021,7.0,1696,0,451,277.0,70.0,1.0,450,112.0,41.0,163.0,11.0,1.13,5.89,1017.6,1
12.9431,80.1476,2021,7.2,1182,0,384,178.0,35.0,9.0,400,76.0,51.0,89.0,3.0,0.55,0.31,709.2,1
12.8083,80.0297,2021,7.7,823,0,238,113.0,6.0,38.0,310,56.0,41.0,37.0,3.0,0.59,0.22,493.8,1
12.998,80.0936,2021,7.2,1331,0,311,241.0,44.0,27.0,350,112.0,17.0,127.0,3.0,1.21,1.05,798.6,1
12.5028,79.8761,2021,7.38,1287,0,390,156.0,5.0,38.0,390,136.0,12.0,78.0,5.0,0.36,1.72,772.2,1
13.0342,80.1085,2021,7.1,1813,0,372,298.0,66.0,85.0,460,128.0,34.0,184.0,14.0,0.8,1.63,1087.8,1
12.9855,80.1784,2021,7.47,1034,0,275,156.0,64.0,27.0,340,80.0,34.0,87.0,1.0,0.63,1.72,620.4,1
12.8125,80.2433,2021,6.96,2180,0,116,540.0,186.0,6.0,380,60.0,56.0,304.0,15.0,0.32,0.24,1308.0,1
12.9576,80.1261,2021,7.12,1687,0,433,348.0,7.0,1.0,350,68.0,44.0,226.0,3.0,0.42,0.61,1012.2,1
13.0106,80.196,2021,7.3,912,0,262,146.0,35.0,16.0,230,64.0,17.0,93.0,15.0,0.93,0.39,547.2,1
12.8833,80.1106,2021,7.1,1216,0,305,160.0,90.0,35.0,370,72.0,46.0,82.0,0.0,0.63,0.51,729.6,1
12.8898,80.022,2021,7.33,1890,0,397,391.0,48.0,49.0,690,132.0,88.0,126.0,4.0,0.48,0.99,1134.0,2
12.9725,80.1543,2021,7.56,1165,0,293,213.0,47.0,16.0,420,108.0,36.0,72.0,1.0,0.82,1.38,699.0,1
12.9263,80.1979,2021,7.25,1750,0,372,369.0,49.0,22.0,580,176.0,34.0,133.0,3.0,0.25,1.78,1050.0,1
12.8506,79.9119,2021,7.3,579,0,110,82.0,30.0,10.0,70,12.0,10.0,72.0,0.0,0.5,0.07,347.4,0
12.8556,80.1693,2021,7.5,1056,0,250,163.0,31.0,62.0,350,60.0,49.0,86.0,3.0,0.54,0.2,633.6,1
13.0338,80.1569,2021,7.1,1356,0,421,213.0,21.0,2.0,370,88.0,36.0,123.0,2.0,1.21,1.09,813.6,1
12.9037,80.233,2021,7.51,3110,0,183,696.0,328.0,112.0,340,68.0,41.0,467.0,102.0,1.12,1.17,1866.0,2
13.0071,80.1976,2021,7.0,1910,0,488,320.0,78.0,59.0,540,144.0,44.0,184.0,1.0,1.32,3.16,1146.0,1
12.931,80.1166,2021,7.26,968,0,262,149.0,25.0,58.0,310,72.0,32.0,83.0,4.0,0.54,0.01,580.8,1
12.72,80.1852,2021,7.59,1457,0,348,220.0,144.0,5.0,360,56.0,54.0,158.0,7.0,0.84,2.11,874.2,1
12.9628,80.1132,2021,7.15,897,0,262,156.0,9.0,13.0,270,68.0,24.0,65.0,31.0,0.12,0.31,538.2,1
12.8267,79.8211,2021,7.0,2610,0,390,440.0,98.0,110.0,780,240.0,44.0,65.0,89.0,1.7,18,1566.0,2
12.6117,79.7344,2021,7.12,8020,0,732,2382.0,9.0,68.0,2780,576.0,326.0,457.0,0.0,1.04,0.06,4812.0,2
8.325,77.2583,2021,7.6,180,0,24,14.0,16.0,25.0,60,12.0,7.0,8.0,3.0,0.2,0,108.0,0
8.0833,77.55,2021,7.7,1303,0,232,138.0,112.0,75.0,300,96.0,15.0,130.0,25.0,0.37,4.6,781.8,1
8.3097,77.2142,2021,7.1,409,0,24,50.0,23.0,54.0,100,20.0,12.0,19.0,6.0,0.15,0,245.4,1
8.1667,77.45,2021,7.7,1662,0,342,220.0,85.0,72.0,400,116.0,27.0,172.0,24.0,0.57,7.37,997.2,1
9.1667,77.5625,2021,7.7,1150,0,433,92.0,52.0,68.0,230,44.0,29.0,145.0,10.0,1.36,3.05,690.0,1
8.0947,77.5444,2021,7.0,1640,0,171,347.0,152.0,104.0,320,52.0,46.0,227.0,5.0,0.6,0,984.0,2
8.245,77.2378,2021,7.4,1162,0,37,252.0,98.0,15.0,275,52.0,35.0,82.0,3.0,0.55,0,697.2,1
8.1283,77.3683,2021,7.3,864,0,73,195.0,89.0,9.0,210,32.0,32.0,88.0,3.0,0.53,0.14,518.4,1
8.2411,77.3192,2021,7.5,1286,0,153,213.0,84.0,62.0,230,40.0,32.0,117.0,47.0,0.59,0.63,771.6,1
8.3364,77.2717,2021,7.5,590,0,159,71.0,55.0,6.0,220,56.0,19.0,23.0,4.0,0.63,0,354.0,0
12.7522,77.9756,2021,8.01,1882,0,342,292.0,248.0,113.0,440,76.0,61.0,256.0,17.0,0.84,38.06,1129.2,2
12.4089,78.1658,2021,7.86,1024,0,439,78.0,83.0,1.0,150,16.0,27.0,198.0,4.0,2.86,1.74,614.4,2
12.5208,77.7917,2021,7.29,2520,0,415,398.0,375.0,60.0,640,148.0,66.0,316.0,6.0,1.07,8.26,1512.0,2
12.6138,78.0176,2021,7.71,615,0,244,75.0,36.0,1.0,180,36.0,22.0,66.0,5.0,0.77,2,369.0,0
12.5974,78.1331,2021,8.03,1536,0,451,213.0,211.0,12.0,510,52.0,92.0,137.0,15.0,2.12,135.22,921.6,2
12.4106,78.2075,2021,7.82,1272,0,427,192.0,48.0,9.0,300,64.0,34.0,152.0,3.0,0.99,1.89,763.2,1
12.3823,78.8982,2021,8.08,1279,0,622,107.0,122.0,0.0,200,24.0,34.0,239.0,10.0,1.26,1.5,767.4,1
12.4131,78.1708,2021,7.31,570,0,183,68.0,22.0,18.0,110,36.0,5.0,47.0,50.0,0.35,1.42,342.0,0
12.6156,77.7844,2021,7.51,1437,0,366,92.0,339.0,35.0,580,188.0,27.0,80.0,12.0,1.28,123.84,862.2,1
12.5344,78.3752,2021,7.71,597,0,293,36.0,36.0,0.0,140,30.0,16.0,69.0,9.0,0.85,7.4,358.2,0
12.2725,78.3083,2021,7.85,1072,0,342,164.0,54.0,8.0,180,28.0,27.0,184.0,2.0,2.36,2.71,643.2,2
12.4721,78.2154,2021,7.44,1748,0,329,370.0,108.0,37.0,360,84.0,36.0,229.0,1.0,1.5,7.7,1048.8,1
12.3917,78.2469,2021,7.88,3360,0,647,754.0,166.0,69.0,650,132.0,78.0,416.0,88.0,1.24,6.66,2016.0,2
12.5133,78.0361,2021,7.46,2480,0,708,341.0,134.0,219.0,560,148.0,46.0,266.0,114.0,0.26,4.71,1488.0,2
12.5828,77.6567,2021,7.55,518,0,201,68.0,16.0,0.0,120,40.0,5.0,77.0,2.0,2.76,6.72,310.8,1
12.6103,77.9395,2021,7.69,620,0,250,50.0,32.0,25.0,225,56.0,21.0,38.0,4.0,0.54,5.68,372.0,0
12.437,77.8505,2021,7.83,593,0,311,28.0,30.0,1.0,170,30.0,23.0,68.0,3.0,0.56,1.76,355.8,0
12.2642,78.5508,2021,7.67,1248,0,464,128.0,67.0,112.0,500,92.0,66.0,71.0,5.0,1.0,1.71,748.8,2
12.3475,78.555,2021,7.54,1924,0,329,299.0,241.0,91.0,590,124.0,68.0,165.0,6.0,1.1,5.08,1154.4,1
12.6998,78.1925,2021,7.51,1261,0,244,164.0,261.0,1.0,330,80.0,32.0,148.0,5.0,1.53,6.82,756.6,2
11.5247,78.0706,2021,7.8,999,0,354,121.0,127.0,23.0,410,52.0,68.0,67.0,0.0,0.83,0.8,599.4,1
11.5981,78.6025,2021,7.6,1347,0,311,174.0,88.0,53.0,450,40.0,85.0,61.0,2.0,0.45,4.57,808.2,1
11.6697,78.2389,2021,7.3,3330,0,439,489.0,266.0,86.0,940,64.0,190.0,175.0,2.0,0.66,7.57,1998.0,2
11.6481,77.825,2021,7.4,542,0,37,121.0,28.0,14.0,180,28.0,27.0,35.0,4.0,0.38,3.6,325.2,0
11.6094,76.1453,2021,7.9,2380,0,397,397.0,224.0,46.0,640,84.0,105.0,225.0,3.0,0.89,5.92,1428.0,2
11.4603,78.5908,2021,7.8,1637,0,488,206.0,132.0,80.0,570,32.0,119.0,115.0,0.0,1.13,2.61,982.2,2
11.5853,77.8414,2021,7.7,1638,0,610,128.0,151.0,10.0,490,40.0,95.0,195.0,2.0,1.74,3.44,982.8,2
11.5822,77.8611,2021,7.7,6000,0,756,1064.0,474.0,14.0,730,44.0,151.0,884.0,1.0,1.88,31,3600.0,2
11.5417,78.4917,2021,7.8,1672,0,329,255.0,133.0,57.0,600,56.0,112.0,90.0,5.0,0.62,2,1003.2,2
11.5436,78.1422,2021,7.9,2590,0,586,255.0,105.0,77.0,610,72.0,105.0,164.0,12.0,0.71,2.25,1554.0,2
11.5022,78.0564,2021,7.8,4170,0,622,709.0,228.0,64.0,1105,130.0,190.0,318.0,43.0,0.21,4.87,2502.0,2
11.8089,77.7889,2021,7.5,721,0,342,71.0,28.0,39.0,390,48.0,66.0,10.0,1.0,1.01,0,432.6,1
11.8075,77.8131,2021,7.5,479,0,305,43.0,63.0,6.0,260,40.0,39.0,59.0,1.0,1.41,2.13,287.4,1
11.6219,78.1061,2021,7.6,4270,0,854,709.0,233.0,22.0,640,48.0,126.0,663.0,3.0,1.11,6.39,2562.0,2
11.7422,78.0472,2021,7.9,3170,0,525,333.0,104.0,78.0,410,48.0,70.0,316.0,10.0,0.41,1.59,1902.0,1
12.5344,79.7558,2021,7.9,1528,0,464,142.0,90.0,52.0,140,28.0,17.0,150.0,153.0,0.42,0.8,916.8,1
11.6456,78.5144,2021,7.7,1947,0,336,376.0,92.0,47.0,680,76.0,119.0,76.0,5.0,0.24,5.75,1168.2,2
11.5628,78.1656,2021,7.8,3000,0,573,333.0,241.0,64.0,760,56.0,151.0,224.0,4.0,0.67,0,1800.0,2
11.6611,78.1664,2021,7.4,4000,0,854,780.0,164.0,19.0,910,64.0,182.0,436.0,9.0,1.41,4.73,2400.0,2
11.7472,77.9306,2021,7.6,457,0,134,50.0,32.0,3.0,130,20.0,19.0,34.0,0.0,0.14,1.23,274.2,0
11.6511,78.1097,2021,7.5,3030,0,769,397.0,160.0,75.0,630,48.0,124.0,317.0,18.0,1.27,0.81,1818.0,2
11.4358,78.5042,2021,7.8,1420,0,451,184.0,93.0,50.0,480,64.0,78.0,101.0,4.0,1.33,3.63,852.0,1
11.5858,78.7536,2021,7.7,844,0,305,110.0,32.0,2.0,280,24.0,53.0,53.0,4.0,0.5,1.26,506.4,1
11.5903,78.5558,2021,7.1,3290,0,256,709.0,189.0,84.0,930,160.0,129.0,188.0,4.0,0.53,7.12,1974.0,2
11.6069,78.0933,2021,7.6,5230,0,616,1014.0,412.0,48.0,840,48.0,175.0,616.0,4.0,1.24,3.99,3138.0,2
11.4753,78.7361,2021,7.5,449,0,159,50.0,22.0,6.0,180,24.0,29.0,22.0,0.0,0.32,1.38,269.4,0
10.0958,77.6881,2021,7.61,1009,0,342,103.0,72.0,2.0,270,42.0,40.0,106.0,5.0,0.81,0.95,605.4,1
9.9944,77.6236,2021,8.2,1306,0,561,121.0,24.0,4.0,300,40.0,49.0,161.0,1.0,1.68,3.29,783.6,2
9.8472,77.3825,2021,7.18,2600,0,275,496.0,168.0,248.0,810,172.0,92.0,225.0,3.0,0.47,8.95,1560.0,2
9.7283,77.2783,2021,7.8,130,0,43,14.0,14.0,2.0,35,8.0,4.0,14.0,2.0,0.17,0.13,78.0,0
9.9586,77.3911,2021,7.6,2600,0,427,532.0,96.0,130.0,730,84.0,126.0,258.0,5.0,1.58,3.06,1560.0,2
9.92,77.515,2021,7.6,2360,0,427,362.0,144.0,200.0,660,70.0,118.0,230.0,16.0,1.3,3.61,1416.0,2
9.7,77.3,2021,7.7,770,0,281,35.0,67.0,37.0,205,22.0,36.0,83.0,0.0,1.15,2.32,462.0,1
9.8072,77.5031,2021,7.8,550,0,220,25.0,29.0,31.0,160,48.0,10.0,51.0,4.0,0.49,2.33,330.0,0
9.7367,77.3169,2021,7.8,1450,0,458,142.0,54.0,130.0,405,80.0,50.0,150.0,2.0,1.09,3,870.0,2
9.9917,77.4306,2021,8.0,1413,0,537,124.0,38.0,74.0,305,58.0,39.0,184.0,4.0,1.18,4.51,847.8,1
9.9719,77.4919,2021,7.7,196,0,67,18.0,19.0,2.0,55,16.0,4.0,18.0,0.0,0.37,0.13,117.6,0
9.0942,77.2981,2021,7.61,1127,0,397,113.0,38.0,51.0,345,58.0,49.0,99.0,3.0,0.34,1.53,676.2,1
9.8958,77.4069,2021,7.6,1152,0,275,142.0,96.0,62.0,400,106.0,33.0,76.0,6.0,0.59,2.37,691.2,1
9.9717,77.5564,2021,7.72,2050,0,397,326.0,149.0,99.0,550,200.0,12.0,212.0,5.0,1.17,1.28,1230.0,1
9.9625,77.5694,2021,7.4,4120,0,201,1205.0,149.0,81.0,1750,308.0,238.0,150.0,5.0,0.7,13.65,2472.0,2
10.1317,77.5506,2021,7.53,2280,0,531,425.0,53.0,62.0,480,68.0,75.0,304.0,5.0,1.07,0.45,1368.0,1
9.9069,77.3297,2021,7.64,2210,0,427,362.0,192.0,63.0,540,30.0,113.0,260.0,6.0,0.98,13.89,1326.0,2
9.8753,77.3911,2021,7.7,1225,0,397,110.0,48.0,130.0,360,80.0,39.0,126.0,1.0,0.7,2.72,735.0,2
10.1197,77.6269,2021,7.3,5620,0,366,1333.0,326.0,360.0,2300,432.0,297.0,235.0,5.0,0.75,29.8,3372.0,2
9.0064,77.6547,2021,7.4,4350,0,336,993.0,336.0,192.0,1610,260.0,233.0,258.0,5.0,1.51,12.12,2610.0,2
9.9164,77.2997,2021,7.65,1140,0,336,106.0,62.0,112.0,380,60.0,56.0,87.0,2.0,0.69,0.5,684.0,2
9.8972,77.3042,2021,7.8,745,0,305,39.0,34.0,50.0,250,82.0,11.0,58.0,4.0,0.49,0.64,447.0,1
9.8394,77.3447,2021,7.35,1436,0,262,277.0,48.0,99.0,480,116.0,46.0,115.0,1.0,0.32,2.82,861.6,1
10.0989,77.5717,2021,7.85,970,0,384,53.0,43.0,64.0,335,64.0,43.0,69.0,6.0,1.07,3.91,582.0,1
9.9606,77.4467,2021,7.91,800,0,317,50.0,34.0,50.0,300,90.0,18.0,46.0,4.0,0.61,0.43,480.0,1
12.6844,79.6292,2021,7.46,1323,0,171,199.0,256.0,56.0,370,80.0,41.0,143.0,3.0,1.07,1.92,793.8,1
12.0989,79.1694,2021,7.46,5390,0,268,1375.0,240.0,15.0,1240,208.0,175.0,522.0,15.0,1.89,0.14,3234.0,2
12.3589,79.2406,2021,7.2,1878,0,476,252.0,90.0,60.0,460,136.0,29.0,177.0,10.0,0.61,2.89,1126.8,1
12.2917,78.7917,2021,7.9,1534,0,488,184.0,6.0,28.0,390,36.0,73.0,107.0,7.0,0.88,4.18,920.4,1
12.4617,79.3508,2021,7.1,1796,0,451,255.0,35.0,31.0,500,92.0,66.0,98.0,6.0,0.85,2,1077.6,1
12.6658,79.5436,2021,7.5,1260,0,220,216.0,36.0,51.0,260,52.0,32.0,115.0,11.0,0.64,1.61,756.0,1
12.7667,79.4125,2021,7.6,2560,0,256,468.0,36.0,36.0,750,216.0,51.0,76.0,6.0,0.19,4.3,1536.0,2
12.455,79.0978,2021,7.3,2780,0,305,461.0,49.0,25.0,830,128.0,124.0,106.0,7.0,0.48,7.83,1668.0,2
12.8111,79.3972,2021,7.8,1351,0,189,255.0,115.0,15.0,460,72.0,68.0,86.0,6.0,0.54,5.19,810.6,1
12.5947,79.6275,2021,7.4,1416,0,293,199.0,35.0,92.0,310,72.0,32.0,119.0,6.0,0.36,0.96,849.6,1
12.5022,79.2253,2021,7.9,839,0,311,57.0,4.0,42.0,260,36.0,41.0,48.0,6.0,1.02,1.11,503.4,1
12.4439,79.0564,2021,7.9,1122,0,342,113.0,18.0,11.0,380,52.0,61.0,38.0,6.0,1.02,0.88,673.2,1
12.6583,79.115,2021,7.5,740,0,250,50.0,8.0,26.0,230,44.0,29.0,23.0,7.0,0.58,0.64,444.0,0
12.825,79.3917,2021,7.2,3490,0,366,752.0,119.0,170.0,930,296.0,46.0,337.0,3.0,0.48,10.51,2094.0,2
12.2097,79.8878,2021,7.3,1959,0,342,355.0,40.0,87.0,600,104.0,83.0,98.0,7.0,0.59,3.05,1175.4,1
12.4858,78.9881,2021,7.9,760,0,189,71.0,119.0,15.0,300,60.0,36.0,33.0,4.0,0.38,1.41,456.0,1
12.2381,79.0725,2021,7.0,1380,0,311,195.0,32.0,10.0,300,80.0,24.0,95.0,26.0,0.47,0.61,828.0,1
12.8192,79.3083,2021,7.36,2540,0,342,518.0,202.0,84.0,580,120.0,68.0,308.0,4.0,0.52,7.28,1524.0,1
12.5031,79.6661,2021,7.2,1972,0,195,454.0,20.0,34.0,650,160.0,61.0,61.0,7.0,0.37,3.31,1183.2,2
12.5064,79.6022,2021,8.2,2050,0,403,390.0,119.0,56.0,570,112.0,70.0,170.0,32.0,0.64,2.9,1230.0,1
12.5094,79.1467,2021,8.0,5400,0,744,872.0,261.0,16.0,910,56.0,187.0,393.0,142.0,0.51,7.16,3240.0,2
8.9,77.475,2021,7.71,1279,0,378,184.0,43.0,42.0,410,80.0,51.0,85.0,16.0,0.27,1.35,767.4,1
8.915,77.475,2021,7.7,873,0,293,128.0,40.0,11.0,330,60.0,44.0,72.0,6.0,0.46,0.44,523.8,1
8.8278,77.575,2021,7.3,1920,0,366,397.0,133.0,81.0,670,88.0,109.0,176.0,4.0,0.87,2.99,1152.0,2
8.8333,77.4083,2021,7.7,1344,0,262,170.0,138.0,47.0,440,136.0,24.0,53.0,24.0,0.66,0.56,806.4,1
8.9167,77.3833,2021,7.6,1355,0,250,234.0,116.0,48.0,560,88.0,83.0,33.0,4.0,0.8,1.51,813.0,1
8.5833,77.7153,2021,7.6,419,0,134,43.0,9.0,10.0,160,56.0,5.0,14.0,4.0,0.43,BDL,251.4,0
9.2417,77.8014,2021,7.59,1060,0,207,142.0,82.0,35.0,405,80.0,50.0,31.0,50.0,0.2,0.78,636.0,1
8.3167,77.5792,2021,7.84,860,0,317,78.0,28.0,12.0,230,52.0,24.0,74.0,13.0,0.92,0.45,516.0,1
8.4917,77.7042,2021,7.8,1698,0,403,298.0,115.0,5.0,280,36.0,46.0,251.0,2.0,1.05,0.23,1018.8,1
8.6911,77.7383,2021,7.7,1362,0,256,227.0,133.0,10.0,300,36.0,51.0,175.0,7.0,0.7,0.43,817.2,1
8.5783,77.5603,2021,7.75,2830,0,586,447.0,133.0,103.0,710,148.0,83.0,295.0,24.0,0.66,6.23,1698.0,2
9.1817,77.4389,2021,7.6,1447,0,232,213.0,187.0,15.0,400,92.0,41.0,135.0,13.0,1.46,1.82,868.2,1
8.2667,77.6847,2021,7.61,460,0,177,43.0,4.0,27.0,190,32.0,27.0,8.0,12.0,0.5,0,276.0,0
8.8517,77.7694,2021,7.3,1510,0,268,255.0,129.0,55.0,510,108.0,58.0,78.0,15.0,0.68,0.91,906.0,1
8.4847,77.7964,2021,7.3,1403,0,220,248.0,146.0,55.0,490,132.0,39.0,73.0,17.0,1.19,2.54,841.8,1
9.2083,77.5583,2021,7.34,1218,0,305,149.0,87.0,35.0,380,84.0,41.0,86.0,7.0,0.66,0,730.8,1
9.2083,77.5583,2021,7.4,1608,0,311,255.0,135.0,68.0,540,100.0,70.0,90.0,3.0,0.72,2.04,964.8,1
8.9722,77.2528,2021,7.49,554,0,183,74.0,20.0,29.0,140,36.0,12.0,58.0,12.0,0.51,0,332.4,0
9.34,77.4383,2021,7.9,1478,0,598,156.0,145.0,31.0,610,84.0,97.0,109.0,17.0,1.51,2.14,886.8,2
8.6667,77.6806,2021,7.6,1152,0,586,43.0,139.0,9.0,320,60.0,41.0,153.0,6.0,1.4,3.9,691.2,1
8.9631,77.3114,2021,7.7,1069,0,232,128.0,113.0,107.0,420,80.0,53.0,59.0,20.0,0.82,0.36,641.4,2
8.7056,77.7222,2021,7.7,1068,0,317,138.0,47.0,22.0,360,64.0,49.0,55.0,12.0,1.47,1.45,640.8,1
8.2867,77.8939,2021,7.67,978,0,281,99.0,18.0,27.0,230,52.0,24.0,51.0,70.0,0.41,BDL,586.8,1
9.2417,77.4083,2021,8.03,908,0,372,50.0,42.0,18.0,270,64.0,27.0,59.0,8.0,1.54,1.17,544.8,2
9.2417,77.4083,2021,7.6,1509,0,439,163.0,54.0,13.0,390,60.0,58.0,132.0,26.0,1.27,2.74,905.4,1
13.1885,79.5831,2021,7.55,2310,0,519,426.0,85.0,102.0,550,120.0,61.0,223.0,114.0,0.82,28.46,1386.0,2
13.2063,80.1149,2021,7.12,1213,0,390,153.0,61.0,0.0,210,24.0,36.0,167.0,2.0,0.82,6.68,727.8,1
13.1066,80.1556,2021,7.09,2060,0,549,256.0,107.0,70.0,510,148.0,34.0,215.0,8.0,0.9,6.5,1236.0,1
13.1531,79.3828,2021,7.28,1470,0,354,227.0,32.0,119.0,570,124.0,63.0,73.0,3.0,0.74,4.39,882.0,2
13.3158,80.1469,2021,7.27,1980,0,354,433.0,65.0,7.0,395,64.0,57.0,254.0,9.0,0.84,31.75,1188.0,1
13.4649,80.1121,2021,7.31,939,0,159,199.0,42.0,12.0,320,72.0,34.0,69.0,9.0,0.25,0.03,563.4,1
13.2867,80.0,2021,7.12,890,0,220,167.0,33.0,0.0,230,46.0,28.0,91.0,1.0,1.09,10.93,534.0,1
13.2792,79.8507,2021,7.38,262,0,61,64.0,6.0,4.0,140,16.0,24.0,7.0,1.0,0.72,0.02,157.2,0
13.3792,80.2924,2021,7.4,5760,0,506,1448.0,383.0,5.0,720,104.0,112.0,896.0,145.0,0.91,1.71,3456.0,2
13.1793,80.0643,2021,6.87,1264,0,311,188.0,96.0,2.0,280,64.0,29.0,154.0,1.0,0.54,1.83,758.4,1
13.1353,80.176,2021,7.35,2620,0,586,362.0,263.0,2.0,740,160.0,83.0,227.0,2.0,1.42,10.89,1572.0,2
13.0009,79.8662,2021,7.24,1023,0,305,156.0,21.0,21.0,450,96.0,51.0,32.0,4.0,0.82,8.58,613.8,1
13.3345,79.4399,2021,7.47,2420,0,689,362.0,74.0,37.0,640,124.0,80.0,199.0,85.0,0.79,39,1452.0,2
13.1726,79.6129,2021,7.25,2230,0,366,511.0,44.0,37.0,610,128.0,71.0,217.0,2.0,0.87,19.94,1338.0,2
13.0293,80.0798,2021,6.98,1553,0,360,234.0,98.0,72.0,390,120.0,22.0,184.0,12.0,0.88,4.93,931.8,1
13.22,79.7304,2021,7.62,1022,0,336,149.0,34.0,4.0,270,60.0,29.0,104.0,1.0,0.95,79.4,613.2,1
13.2046,80.1753,2021,6.92,877,0,250,135.0,30.0,19.0,250,48.0,32.0,81.0,2.0,1.02,3.47,526.2,1
13.45,80.01,2021,7.86,647,0,79,99.0,127.0,30.0,200,32.0,29.0,57.0,7.0,0.57,0.03,388.2,1
13.2921,80.0555,2021,7.16,698,0,201,110.0,34.0,1.0,175,50.0,12.0,80.0,1.0,0.75,3.33,418.8,0
13.3084,80.0461,2021,7.2,843,0,268,107.0,31.0,33.0,160,36.0,17.0,120.0,5.0,0.86,12.94,505.8,1
13.2783,79.7705,2021,7.04,1186,0,378,149.0,34.0,47.0,320,30.0,60.0,120.0,5.0,1.02,10.93,711.6,1
13.0485,80.1021,2021,7.0,1640,0,354,327.0,77.0,7.0,450,112.0,41.0,171.0,9.0,0.84,0.74,984.0,1
13.2653,79.6403,2021,7.66,1378,0,403,192.0,51.0,17.0,380,104.0,29.0,126.0,9.0,1.18,5.23,826.8,1
13.4166,80.3137,2021,7.29,1496,0,378,270.0,46.0,3.0,340,76.0,36.0,175.0,1.0,0.66,7.78,897.6,1
13.157,80.2047,2021,7.1,645,0,98,128.0,42.0,9.0,160,34.0,18.0,72.0,1.0,1.34,0.08,387.0,0
13.1886,80.1883,2021,7.2,534,0,146,103.0,18.0,3.0,160,36.0,17.0,44.0,15.0,0.69,0.03,320.4,0
13.3258,80.2977,2021,7.39,831,0,214,163.0,16.0,2.0,300,64.0,34.0,58.0,1.0,0.58,2.79,498.6,1
13.125,80.0323,2021,6.95,2740,0,354,604.0,189.0,71.0,870,244.0,63.0,208.0,13.0,1.08,12.49,1644.0,2
13.4025,80.2488,2021,7.6,2390,0,384,504.0,137.0,2.0,560,128.0,58.0,286.0,2.0,0.93,11.2,1434.0,1
13.1813,79.6118,2021,7.6,1388,0,348,249.0,29.0,44.0,450,60.0,73.0,113.0,3.0,1.11,4.79,832.8,1
13.1751,79.6131,2021,7.7,1383,0,390,206.0,25.0,49.0,360,68.0,46.0,145.0,1.0,0.97,10.55,829.8,1
13.3313,80.2848,2021,7.44,1658,0,299,341.0,41.0,50.0,400,76.0,51.0,156.0,72.0,0.43,0.81,994.8,1
13.3362,79.9086,2021,7.1,1141,0,323,178.0,36.0,30.0,250,50.0,30.0,141.0,8.0,0.85,6.6,684.6,1
13.0351,79.9283,2021,7.62,420,0,110,78.0,6.0,19.0,220,24.0,39.0,2.0,4.0,0.53,0,252.0,1
13.1836,80.0899,2021,7.08,549,0,116,114.0,9.0,41.0,230,42.0,30.0,30.0,2.0,0.83,0,329.4,0
13.0776,80.1111,2021,7.26,1323,0,232,213.0,157.0,8.0,350,108.0,19.0,129.0,1.0,0.64,0.68,793.8,1
13.1582,80.1021,2021,7.42,421,0,92,85.0,17.0,19.0,90,28.0,5.0,58.0,4.0,0.42,0.08,252.6,0
13.3276,79.4229,2021,7.31,1436,0,415,241.0,22.0,44.0,530,96.0,71.0,92.0,2.0,0.94,18.87,861.6,1
13.2484,80.0166,2021,7.28,528,0,165,82.0,20.0,1.0,165,38.0,17.0,47.0,4.0,0.77,0.91,316.8,0
13.3092,80.275,2021,7.3,1215,0,195,277.0,19.0,13.0,270,72.0,22.0,130.0,27.0,0.55,0.45,729.0,1
9.0292,78.0458,2021,7.7,4160,0,738,440.0,452.0,153.0,1005,112.0,176.0,375.0,101.0,0.71,4.57,2496.0,2
9.1431,77.7719,2021,7.6,523,0,244,14.0,5.0,19.0,220,52.0,22.0,5.0,1.0,0.47,BDL,313.8,0
9.1667,77.875,2021,7.5,873,0,250,64.0,46.0,16.0,320,32.0,58.0,3.0,1.0,0.72,0.11,523.8,1
8.8667,77.9,2021,7.6,8960,0,390,993.0,2950.0,40.0,1680,192.0,292.0,1328.0,21.0,1.15,53,5376.0,2
9.1983,78.2522,2021,7.5,794,0,305,71.0,67.0,19.0,160,32.0,19.0,133.0,3.0,0.94,0.77,476.4,1
8.6342,78.0736,2021,7.3,820,0,317,64.0,39.0,34.0,240,60.0,22.0,77.0,7.0,0.3,2.6,492.0,1
9.1583,77.8417,2021,7.2,2840,0,342,581.0,94.0,35.0,990,204.0,117.0,88.0,13.0,0.41,26.2,1704.0,2
8.4375,77.9736,2021,7.7,550,0,195,43.0,4.0,28.0,190,52.0,15.0,16.0,7.0,0.2,0.64,330.0,0
8.5181,77.8556,2021,7.7,773,0,122,99.0,94.0,27.0,240,72.0,15.0,37.0,7.0,0.44,0.31,463.8,1
8.4333,77.9028,2021,7.6,1066,0,146,248.0,41.0,29.0,170,44.0,15.0,162.0,8.0,0.49,0.75,639.6,1
8.4444,77.9,2021,7.6,1930,0,390,326.0,40.0,84.0,500,152.0,29.0,181.0,18.0,0.47,10.32,1158.0,1
8.625,77.9083,2021,8.0,1079,0,476,92.0,90.0,31.0,290,64.0,32.0,139.0,5.0,1.26,2.76,647.4,1
8.8083,78.1389,2021,7.5,10360,0,756,2297.0,650.0,48.0,1020,128.0,170.0,1829.0,32.0,1.43,41.8,6216.0,2
12.9133,79.0856,2021,8.21,1802,0,393,254.0,98.0,34.0,540,36.0,109.0,136.0,14.0,1.66,9.22,1081.2,2
12.9136,79.0847,2021,8.32,1271,12,311,213.0,58.0,31.0,435,90.0,51.0,92.0,8.0,0.71,1.33,762.6,1
12.7853,78.7067,2021,7.84,4990,0,460,1367.0,162.0,18.0,1350,408.0,80.0,522.0,8.0,0.27,26.7,2994.0,2
13.0147,79.4878,2021,8.21,1110,0,366,145.0,34.0,6.0,135,32.0,13.0,176.0,10.0,0.47,3.5,666.0,1
12.4608,78.6231,2021,8.46,1563,18,488,248.0,29.0,25.0,550,46.0,106.0,110.0,3.0,0.12,2.9,937.8,2
12.9444,78.8439,2021,8.2,825,0,64,142.0,148.0,11.0,280,84.0,17.0,62.0,10.0,0.32,8.6,495.0,1
12.8544,78.8625,2021,8.47,2590,18,451,337.0,320.0,111.0,370,124.0,15.0,426.0,10.0,0.73,4.19,1554.0,2
12.4558,78.5867,2021,8.47,1456,20,293,179.0,75.0,235.0,670,188.0,49.0,73.0,3.0,0.31,0.52,873.6,2
13.1292,79.2542,2021,7.82,2340,0,415,280.0,10.0,43.0,530,72.0,85.0,72.0,21.0,0.8,6.84,1404.0,1
12.9286,79.3325,2021,7.84,1450,0,378,252.0,55.0,37.0,375,60.0,55.0,159.0,16.0,1.5,11.2,870.0,1
12.9303,79.3392,2021,7.99,7020,0,683,1864.0,380.0,21.0,2350,500.0,268.0,575.0,10.0,0.77,16.55,4212.0,2
12.6831,78.625,2021,8.25,2780,0,321,604.0,120.0,210.0,750,184.0,71.0,245.0,3.0,0.84,2.4,1668.0,2
12.6517,78.0775,2021,8.52,2710,12,305,780.0,29.0,12.0,560,172.0,32.0,368.0,12.0,0.42,1.82,1626.0,2
12.8881,79.1375,2021,7.92,1362,0,423,195.0,18.0,97.0,240,68.0,17.0,206.0,9.0,1.87,3.28,817.2,2
12.9144,79.2819,2021,8.19,525,0,183,35.0,38.0,31.0,185,32.0,26.0,35.0,8.0,0.52,1.12,315.0,0
12.117,79.4805,2021,7.45,3720,0,354,768.0,212.0,133.0,1050,300.0,73.0,244.0,4.0,0.05,4.5,2232.0,2
12.1344,79.76,2021,8.04,2210,0,451,412.0,69.0,8.0,660,120.0,88.0,175.0,1.0,0.21,3.23,1326.0,2
11.9917,79.7833,2021,7.8,1448,0,537,121.0,101.0,4.0,510,88.0,70.0,102.0,4.0,0.18,2.26,868.8,1
9.7832,78.9182,2021,7.75,575,0,268,36.0,10.0,4.0,210,60.0,15.0,24.0,2.0,0.0,0.33,345.0,0
9.3639,77.6861,2021,7.5,4020,0,598,631.0,579.0,102.0,660,88.0,107.0,720.0,42.0,1.31,8.92,2412.0,2
9.4464,77.7667,2021,8.2,602,0,134,78.0,22.0,42.0,240,76.0,12.0,12.0,4.0,0.29,0.52,361.2,0
9.5125,78.0958,2021,7.57,3260,0,549,610.0,118.0,60.0,680,72.0,122.0,305.0,14.0,1.37,4.48,1956.0,2
9.7389,78.1008,2021,7.77,2240,0,403,333.0,120.0,92.0,520,104.0,63.0,179.0,7.0,1.4,3.02,1344.0,1
10.7008,77.4542,2021,7.63,147,0,73,21.0,2.0,12.0,70,12.0,10.0,12.0,1.0,0.4,0,88.2,0
9.3833,77.5583,2021,7.42,5160,0,256,1276.0,500.0,60.0,1280,244.0,163.0,687.0,40.0,1.15,18.34,3096.0,2
9.6308,77.8167,2021,7.69,579,0,183,28.0,12.0,44.0,230,48.0,27.0,11.0,7.0,0.71,0.9,347.4,0
9.4639,78.165,2021,7.1,6150,0,677,1184.0,360.0,64.0,1460,396.0,114.0,643.0,25.0,1.12,17.2,3690.0,2
9.7183,78.1131,2021,7.6,1126,0,317,177.0,48.0,53.0,430,88.0,51.0,75.0,6.0,1.11,1.45,675.6,1
9.6694,78.1083,2021,7.4,2590,0,342,503.0,100.0,50.0,810,136.0,114.0,112.0,11.0,0.64,14.98,1554.0,2
9.6619,78.2058,2021,7.7,336,0,122,21.0,26.0,12.0,100,16.0,15.0,27.0,3.0,1.1,0.33,201.6,0
9.4986,77.7,2021,7.9,405,0,140,21.0,40.0,16.0,180,32.0,24.0,10.0,4.0,0.52,0.4,243.0,0
9.5256,77.8894,2021,7.5,2780,0,403,362.0,511.0,92.0,910,104.0,158.0,310.0,16.0,1.34,14.4,1668.0,2
9.325,78.0083,2021,7.46,19600,0,671,3616.0,4150.0,30.0,2450,340.0,389.0,3075.0,21.0,1.35,83,11760.0,2
9.4625,77.5417,2021,7.2,2880,0,366,532.0,216.0,79.0,680,124.0,90.0,270.0,7.0,1.03,3.55,1728.0,2
9.45,77.7917,2021,7.3,1872,0,311,425.0,63.0,47.0,540,108.0,66.0,150.0,10.0,0.43,2.55,1123.2,1
9.5,77.6333,2021,7.61,2290,0,317,461.0,63.0,23.0,490,84.0,68.0,190.0,5.0,0.65,0.61,1374.0,1
9.4992,77.6267,2021,7.9,726,0,342,57.0,49.0,20.0,340,52.0,51.0,22.0,22.0,0.35,0.65,435.6,1
9.6083,77.6667,2021,7.8,735,0,342,78.0,44.0,23.0,230,36.0,34.0,84.0,4.0,0.73,0.79,441.0,1
9.3333,77.7667,2021,7.7,3510,0,695,503.0,139.0,120.0,840,60.0,168.0,374.0,21.0,1.88,24.13,2106.0,2
9.6303,77.6417,2021,7.8,473,0,195,21.0,16.0,22.0,160,24.0,24.0,22.0,2.0,1.17,0.36,283.8,0
10.2242,78.2294,2021,7.74,7160,0,756,1529.0,385.0,378.0,1840,80.0,399.0,680.0,6.7,1.3,49.92,4296.0,2
10.0931,78.2711,2021,7.41,1170,0,342,149.0,98.0,17.0,310,56.0,41.0,128.0,15.0,1.59,159.84,702.0,2
10.0383,78.1986,2021,7.57,825,0,281,78.0,58.0,17.0,275,72.0,23.0,54.0,4.2,0.61,2.22,495.0,1
9.8556,78.0667,2021,7.31,1763,0,329,341.0,53.0,48.0,670,88.0,109.0,91.0,4.7,1.04,1.94,1057.8,2
9.7069,77.8856,2021,7.76,2570,0,500,370.0,245.0,21.0,720,80.0,126.0,284.0,18.0,1.54,3.02,1542.0,2
9.7208,77.8556,2021,7.69,1775,0,451,263.0,130.0,0.35,390,44.0,68.0,234.0,0.31,1.6,1.66,1065.0,2
9.7428,77.7922,2021,7.73,899,0,268,89.0,56.0,46.0,335,66.0,41.0,41.0,0.87,0.65,0.93,539.4,1
9.8044,77.6689,2021,7.85,1373,0,451,178.0,67.0,31.0,520,64.0,88.0,103.0,1.4,1.6,0.76,823.8,2
9.8844,78.1825,2021,7.73,3040,0,512,555.0,140.0,37.0,520,32.0,107.0,415.0,1.4,0.82,6.65,1824.0,2
